rn	L1	L2	L3	L4	L5	L6	L7	L8	L9	L10	MG1	MG2	MG3	MG4	MG5	MG6	MG7	MG8	MG9	MG10	MG11	MG12	MG13	MG14	MG15	MG16	MG17	MG18	MG19	MG20	MG21	MG22	MG23	MG24	MG25	MG26	MG27	MG28	MG29	MG30	MG31	MG32	MG33	MG34	MG35	MG36	MG37	MG38	MG39	MG40	MG41	MG42	MG43	MG44	MG45	MG46	MG47	MG48	MG49	MG50	MG51	MG52	MG53	MG54	MG55	MG56	MG57	MG58	MG59	MG60	MG61	MG62	MG63	MG64	MG65	MG66	MG67	MG68	MG69	MG70	MG71	MG72	MG73	MG74	MG75	MG76	MG77	MG78	MG79	MG80	MG81	MG82	MG83	MG84	MG85
L1	0																																																																																														
L2	0.007042259751538808	0																																																																																													
L3	0.006539462735118208	0.006137697242026476	0																																																																																												
L4	0.007210089144011778	0.0063038484026149534	0.006054012342000216	0																																																																																											
L5	0.007074467525018458	0.006095558412752465	0.005804369737871372	0.0060527979734738505	0																																																																																										
L6	0.0069118760424738595	0.005581242919540398	0.005150279319522788	0.005846024672910584	0.005129061758022894	0																																																																																									
L7	0.006752730123956857	0.005816852545293042	0.005655221540013408	0.005777683921884111	0.005308755550470218	0.00516985272689629	0																																																																																								
L8	0.006466394058834026	0.006121184435088826	0.005278693402143732	0.00528541029749377	0.005651129695759231	0.005205374097200924	0.005470028064235041	0																																																																																							
L9	0.006740299494405351	0.006005037358586948	0.00553262132975528	0.0058210608238968824	0.005463077452761502	0.005420243097980024	0.005646026291905417	0.005397891100349085	0																																																																																						
L10	0.006653251772759629	0.0063776951838864105	0.005349191881848496	0.006267442877631293	0.005778710908094452	0.005478152532036449	0.005546205825837117	0.005920439259900184	0.006114565079014116	0																																																																																					
MG1	0.006904065110167367	0.005618992980337308	0.005502747313538224	0.0060060228722114235	0.005618375901348703	0.004807705287935144	0.005568330719991289	0.005274664949929175	0.005572291101304816	0.00534016271057981	0																																																																																				
MG2	0.0067343767006106964	0.0058158114012915214	0.0055584912800678635	0.005681319132137421	0.005258391546674918	0.004888803722301854	0.00519099034354647	0.0055045811872401675	0.005560592649810878	0.005387752592218068	0.004934881563509302	0																																																																																			
MG3	0.007138676568708899	0.006573292586898976	0.005807433467706279	0.005935107858214967	0.005835058416324449	0.005211949020803612	0.0055679960907209095	0.005581144702356774	0.005884203471214658	0.00608686286137139	0.005953420957901593	0.005499696526760421	0																																																																																		
MG4	0.006172992172773296	0.005850748136401403	0.0051807702822713395	0.005075585356282906	0.005453481067098339	0.0052175714896218455	0.005464775024349998	0.005216426172949368	0.0055840482634212235	0.005674015320186195	0.005445482348842817	0.005441068599418476	0.005490026135927935	0																																																																																	
MG5	0.005905390981172945	0.0059187583241198435	0.005151280230040515	0.005847403849645989	0.00513089060467977	0.005239396541432175	0.005080550590850015	0.005166258519716364	0.005416992485180601	0.005180434493759792	0.005259824027718646	0.00515857393749715	0.005212098752798718	0.004697359397478405	0																																																																																
MG6	0.006731450715272864	0.005865993474932483	0.005108037167049406	0.0054033786901475905	0.005623299162005147	0.005392854050045686	0.005177631474466274	0.00520152981074624	0.005577837087531351	0.006026663946815413	0.00559890021169395	0.005232836509184509	0.005500446239366565	0.0051568431881130064	0.005491035835137226	0																																																																															
MG7	0.007420194813550131	0.007058115229225662	0.006318374608754282	0.0065179191992080976	0.006324798334492843	0.00596854741079078	0.006516419778433166	0.006076313938119448	0.006148106382331553	0.006357701655855882	0.0065693737362861005	0.005915203438360853	0.006600595471204301	0.006391352793213451	0.006039204753202725	0.006085341124284143	0																																																																														
MG8	0.00665215249576335	0.005335192816798324	0.005633630549466836	0.005572195789257981	0.005684122735648725	0.005115612787272977	0.005282715518368751	0.005030929937248557	0.0055913309433747345	0.005521052868153078	0.005490538686511709	0.004812987549131766	0.005778516686860802	0.0054745441864137495	0.0049515416197888585	0.005250416784923758	0.006215121374680654	0																																																																													
MG9	0.007061553401460243	0.0064767199104010555	0.005835801722812059	0.006261464746554971	0.005910312122443307	0.005657665611798508	0.006260637302597759	0.005611189980395193	0.005803794636919595	0.005883843726349455	0.005946501709352183	0.005717083391812638	0.00631677645528115	0.0060353275503583015	0.0058073928487617915	0.005784790515051453	0.006915133681493391	0.005754383764238081	0																																																																												
MG10	0.006992933724363417	0.006093342465766216	0.005577513213852414	0.006120662540104184	0.005532971516745815	0.005679157805380856	0.005951803927986726	0.005116409772259811	0.006067428461717411	0.006089836042496001	0.005382124398511158	0.0055805992004645585	0.006124725865692624	0.0055326216634866985	0.005642944992599006	0.005449916812254798	0.006530749992410024	0.005507999549081992	0.0060082012419746655	0																																																																											
MG11	0.006709799705159165	0.005662875560883828	0.005530518107511874	0.005680852762028234	0.005689636175504307	0.004702428181946631	0.005451542001689161	0.005344031112553508	0.0058908634573097045	0.005919461186056324	0.004756090385732162	0.0050027669759272145	0.005529809410084908	0.005272939267123201	0.005011174346446665	0.005013848497706281	0.006060956917744638	0.004929833555246934	0.006259473671515617	0.005423110686466818	0																																																																										
MG12	0.0069012647309434055	0.006125000153451028	0.005441607732163231	0.005900395900846006	0.0055312657106029485	0.00481414054275184	0.005478166742723231	0.0051256778962770685	0.005696547121821086	0.005897319047941877	0.005486477687916326	0.005450969958598311	0.005121232106804348	0.0054323892355588954	0.005131608743834158	0.005309255527625303	0.006437683994642912	0.005566836760594493	0.005993172341256598	0.005585976683905174	0.005475166483065433	0																																																																									
MG13	0.006413071828668641	0.005886367480520136	0.005487560247821893	0.00570153951131931	0.0056368530790329	0.005121633152069436	0.004843670988409474	0.005012778764974951	0.0055412024441077535	0.0052873204057295115	0.004914639747275155	0.0051561743523718066	0.005528693512467565	0.005036852558736701	0.005006300768355177	0.005469176657794891	0.00600986078384134	0.005116164421923042	0.005689522420757378	0.005354996184016042	0.005303886193991319	0.0053607677317991905	0																																																																								
MG14	0.0064575043940733896	0.006205166024634086	0.005714392243445371	0.006084566611270926	0.0051329146942472705	0.005111972704176498	0.0051265950826714975	0.005229023168125378	0.0056569773222682855	0.005380126749023066	0.005220834862522691	0.005748407066561635	0.005805941925681061	0.005586806797691659	0.004740119031394047	0.005284492687219394	0.006174855257825223	0.005283685798116227	0.005741553173934942	0.005622596876325032	0.005466567814263619	0.00570007855171075	0.005031827407845983	0																																																																							
MG15	0.006518176379118267	0.006027234964629266	0.005302560584931325	0.006244918903932362	0.005695228073931288	0.00516969978353162	0.005552773040551146	0.0052373531080744	0.005133320660937837	0.0051941930185078495	0.005184233935586531	0.004919842298791195	0.005961281512066066	0.004993514062990473	0.00501996715233468	0.0053619727198220175	0.005828539266482855	0.005255378602487252	0.005752428265660215	0.005593333881510657	0.004991269802620301	0.0053066291735269396	0.004805061508527018	0.0054809054233920795	0																																																																						
MG16	0.006699449238585272	0.006015116621249561	0.0054036729680563495	0.005958620524836825	0.005306975562930995	0.005421099777098217	0.005790482186065584	0.005843221151551706	0.005170510181655408	0.005643679041786139	0.005634654268835256	0.005566185098382122	0.005904939828483352	0.0053261050148069615	0.0053221262988803674	0.005696165070383349	0.0069031225221941805	0.005389670894985192	0.006023282605133974	0.005841207434526841	0.005559886337618227	0.005814643015907052	0.005645569621389435	0.005746563107039315	0.005195246290643255	0																																																																					
MG17	0.006672698443230589	0.005697761115584064	0.00520747117348515	0.005646203332695351	0.004987045844267091	0.004833293474458916	0.004952975967521204	0.0049001750198334115	0.005205323645867659	0.005314448603780213	0.004966327798117008	0.004893031065807943	0.005139408451783985	0.004833656562931403	0.004955449188932433	0.005036488294843686	0.005874337088447731	0.004868640488067949	0.00546974342787117	0.005119743264917862	0.004924171773856733	0.005192619904477058	0.004848525510725659	0.005355965326087045	0.004950982432299309	0.005427070741915106	0																																																																				
MG18	0.00618745399384087	0.005633367069852814	0.004876557939425911	0.00550714369460358	0.005049550331981054	0.004865407935534373	0.004825866043815875	0.004706797244525458	0.005363096553870636	0.00481702535590289	0.004876434299945342	0.0048498204816763086	0.0049291954583300665	0.005014620990819758	0.004498932175127525	0.005398411397141881	0.005812098762315903	0.005248562435212825	0.005688398006262807	0.005151282785878119	0.005141982554127036	0.005443913495457311	0.004886852154520917	0.004826543214093911	0.00518765826338706	0.005335289747512124	0.004556608872186475	0																																																																			
MG19	0.0067467737139588185	0.006161324877620096	0.005844649697284688	0.005772519084659629	0.005770539304860804	0.005035558610031207	0.005761819714119966	0.0054557451501876355	0.005530664615234879	0.00579664888498267	0.0057807126916890215	0.005349076523539853	0.005377390691081912	0.005405598782051613	0.005549848064420911	0.005446270645843103	0.006010703905785992	0.005234509822241463	0.005795738478814537	0.0055840531218052086	0.004966217548493125	0.005702070327716052	0.005456543370051856	0.0057423795451855995	0.005479991556177157	0.005868845671815753	0.005130560047522299	0.005077254348682852	0																																																																		
MG20	0.006316155602440104	0.005514502779522333	0.005034452203807519	0.005307963642592494	0.005357729923380737	0.004696814917754055	0.004974574962838108	0.00485190391928229	0.005524432364259196	0.005537103601152436	0.004875865082916897	0.004821083084078424	0.005074073686787729	0.0048405111624759325	0.004605576080409364	0.004895982521188748	0.006310182560893972	0.004920642076871763	0.0057577473010523164	0.0051434216734763585	0.0046931757265282585	0.00518261702893451	0.004826601101023606	0.005215368744466813	0.004908084414343746	0.005276550567268926	0.0045091611141799765	0.004653605096330628	0.004616895227271077	0																																																																	
MG21	0.007874727319941493	0.006219838642983049	0.00628897169081996	0.006388870368835976	0.006039147586759785	0.0060917523588841045	0.006129957319597973	0.005881003642477147	0.005961060464650652	0.006118689577741251	0.005548090441750837	0.006085257386972642	0.006218360534254412	0.006278500041614297	0.005690160252401192	0.006139413185423478	0.006243615666544359	0.005873555778506251	0.006917515465745783	0.005767359351646061	0.0059856627885415195	0.005900843837726324	0.006044291180353471	0.005775675156217241	0.005905907189385859	0.006258970583338011	0.005700904720576805	0.0056444677848878156	0.005917659599814546	0.005568711540550528	0																																																																
MG22	0.006609578430601956	0.005699287439461099	0.005127236941079619	0.005847315917360615	0.005255234888710043	0.00496836231674855	0.005071535219288633	0.005174179730505007	0.005464410774954731	0.005201162810142879	0.005198810350749786	0.004900979578204378	0.005222652529371915	0.005310037395520201	0.005022451894322682	0.004778582211854423	0.0060415649750373565	0.0047813133153819945	0.0056738845641667824	0.005539325616039727	0.005004740882438814	0.005565837907382652	0.004836078327425237	0.0050310230105382265	0.00530163707966211	0.005526873745869156	0.0048739157660739755	0.004580143313128647	0.005083666405185133	0.0049275411260332755	0.005920302382910847	0																																																															
MG23	0.0066571918916692886	0.006257037327055301	0.005562745899233346	0.005997768964152158	0.00531688464519993	0.004920812860002126	0.005363932897384989	0.005187201742369194	0.005695995033830181	0.005613981725196931	0.0048323484718137	0.005103079092840235	0.005332917390150069	0.005355994913686901	0.005297013601500383	0.0056500569914756365	0.006535955501642447	0.005353613335827664	0.006333186396021753	0.005604157492075073	0.005340835252012756	0.005260054657874009	0.005037379033033759	0.005415618220456965	0.005401264909963957	0.005528978224482091	0.005393721978403776	0.004832142152117127	0.005712216973128945	0.00468213555680611	0.005562786932891397	0.005086569208534627	0																																																														
MG24	0.006380801150738226	0.005346039091709829	0.005200041833324548	0.005425172508583079	0.005132146898852166	0.004789845924129467	0.004811406881225033	0.00531079002320886	0.005382076203331624	0.0051510696738899745	0.005393853106650222	0.005151140895211095	0.005166474820357599	0.004910294012010527	0.004985290332653738	0.004898574262181782	0.0063166417419338655	0.004908951863464643	0.005613959191086842	0.005314645072463154	0.004729579020735504	0.005225455537399288	0.004634630800278919	0.005114216044204741	0.004728834514703371	0.005043917788938567	0.004713268848223457	0.004875809935447462	0.00503700260713766	0.004509618393414714	0.005760358764054581	0.004906167857499773	0.005079481513301644	0																																																													
MG25	0.006831023956789936	0.007026484306259895	0.006189340938855757	0.0064868047207826416	0.006756688159448448	0.006471446040509335	0.0062116104382346745	0.0060497635854300505	0.0060697942264032285	0.006684541499939927	0.006406376221040973	0.006299256595195159	0.0065465191134400115	0.005689082726290258	0.005937794295487055	0.0058171527125327055	0.006591037192277696	0.0060367741312393934	0.006677929276891742	0.006377207549789268	0.0059967287146285644	0.00631211788918539	0.005905499511605188	0.006106636622092428	0.005931659033181621	0.006302197022662409	0.006242506447024202	0.00579994776816248	0.006268916362155617	0.005535187762133613	0.007009363216403582	0.00621121363456014	0.00623590116550116	0.005781214696032267	0																																																												
MG26	0.006587064420500301	0.005913145165720267	0.005589461378022439	0.005927915812239247	0.005204688331292761	0.004933056662107302	0.005454342726077986	0.005322164918439057	0.0055133520186944505	0.005153549157235673	0.005169172917721268	0.0050557779114424875	0.005353814617004631	0.005224483034768741	0.00518304972823149	0.0056264032619206044	0.006315025535732606	0.0054946343798238035	0.005865050995406767	0.005658552262716001	0.005439810308115123	0.005331013807519771	0.005072259732648558	0.005437002060999163	0.005320820202604923	0.00575194115096862	0.00490150941613225	0.004603199006205155	0.0049626517486441295	0.0047628786915694015	0.005990436380409247	0.005058597734915572	0.005359974290155705	0.004783224723960923	0.005948007369738343	0																																																											
MG27	0.0073384964666875704	0.006948128439427497	0.0068159504957163546	0.0064014326626189244	0.006826464181900284	0.0062689390325679755	0.006245177245745646	0.0063773930707668606	0.0068268920028519385	0.006629733757240656	0.006253712056304312	0.006207940125374381	0.006925393263017191	0.006145071601332685	0.006050204545410111	0.006514429886116115	0.007429176428453801	0.006440509523330608	0.00626051596508998	0.0065490468290300774	0.0063969301406460915	0.006756212254761	0.0061358736053750106	0.0063920684354232165	0.006352978828272895	0.006386977750522989	0.006310813006466171	0.006169008574085198	0.006541854633380168	0.006263967787005275	0.007191721077538762	0.006548653546834862	0.006944057234692391	0.006678738169494067	0.006680007630434656	0.006549711808622487	0																																																										
MG28	0.006855632361519672	0.005998563563574372	0.00531348325448569	0.006067622483258195	0.005631375080885842	0.004996807116962159	0.005034345049523538	0.00528562529132941	0.00575522524235501	0.0055719995930759185	0.005269169153409695	0.005217513141870188	0.005519020090909743	0.005452111951150448	0.005287567187516043	0.005198601368426123	0.006384202643065448	0.00499214875350902	0.005959516075088547	0.005745020223187525	0.004987727927314673	0.005112021724196245	0.005222330211203067	0.005302350178278538	0.004985458419577714	0.005742205887204526	0.0053802623763285415	0.004915363032745954	0.005529732294323536	0.004745884480467954	0.005575971499139626	0.005386980675525095	0.005507720571402096	0.004689190008047423	0.006010914966276554	0.005278821249087904	0.006454630686357029	0																																																									
MG29	0.006764625536270622	0.006029356281001845	0.005688286243281132	0.006063847104334574	0.005422066018650827	0.005364597792645299	0.005508497098658128	0.005479325307126589	0.005424861214283269	0.0058038951771025625	0.005556730151832399	0.005480186524042641	0.005854456625206853	0.005398278720300932	0.005333832708133078	0.005355918173043055	0.0064533887361837685	0.005739721497533632	0.005791857442984463	0.0056646864478095875	0.005625648411095832	0.0056838571928698985	0.005107656726952682	0.005524104242948966	0.005053414574549333	0.005732195052487451	0.005460538435853698	0.005130213656612793	0.005618234240697178	0.005111184252216547	0.006187501855403153	0.005628188986896367	0.005474309919249644	0.00501649092339268	0.0063344277077474155	0.005167525280430913	0.006359386870559993	0.005356393304865246	0																																																								
MG30	0.006339674062447335	0.005461580349664471	0.005074878718443175	0.005679141965692192	0.004750823302582381	0.004585710048253852	0.004978181072918464	0.004476649334986421	0.004895165557191386	0.005519494127906296	0.004688493212089065	0.004804887698010746	0.005711472955320146	0.004886668297101421	0.004921241033433369	0.004960205420064604	0.005860948998091488	0.004865717013698676	0.005046642759187389	0.004846870589847305	0.004741167187018103	0.0048536277563468065	0.004747307054123378	0.004583893720864002	0.004708978410726486	0.0047695347838379535	0.004830538910514274	0.0044036524050020814	0.004818553430618613	0.004461425825235173	0.005218217638807117	0.004724260134976074	0.004864240812399954	0.0044809754359540314	0.00565172996052437	0.004763132042586871	0.00606807367970282	0.004715628834433521	0.0048419895787610075	0																																																							
MG31	0.006115285257159001	0.005982335531203952	0.005254109626273392	0.005835591452035888	0.005150009779271926	0.004725297922565376	0.00527692914222007	0.005071880295970658	0.005397013068436772	0.005267224129424828	0.004842521687700949	0.004742741134458523	0.005233485515784481	0.005363454063990423	0.004769167405938801	0.005003800316894119	0.006203706858198627	0.005081880742563554	0.005696443879251343	0.005262287640755187	0.00508993693746183	0.005137720089595332	0.00486750450061429	0.005169880150145456	0.004688133242663845	0.005154176286844863	0.004819175656821321	0.0048248588995667115	0.004926593869771062	0.004486415138696889	0.005721688689054459	0.004903293598988995	0.0051116026006699355	0.004528851325242391	0.005689984770247805	0.0046425060416229015	0.006052970814069033	0.005255048184189579	0.004901572803247444	0.004469376027760691	0																																																						
MG32	0.006535326754034711	0.005420228751462492	0.005194660937077846	0.005617773548682203	0.005027130698994197	0.004520575443279506	0.004916839959228483	0.004687817314353033	0.00548601191636166	0.005059514389325525	0.004685104517580441	0.005111096119166141	0.005326016220193918	0.005284946505209611	0.004756379264593164	0.005048708645993789	0.005971482048253881	0.004733279497128939	0.005603724629488769	0.00473624788631959	0.0047705983015539945	0.005125643332570916	0.004542813545879553	0.0046764889195536515	0.0045289845627261415	0.005378867624576191	0.004820182099631388	0.004122830248829033	0.0047595509331443235	0.004123411795397302	0.00533379037249572	0.004881621821366913	0.00509868465596036	0.004651423405456403	0.005525752918173637	0.0045650057671594	0.005936829553405442	0.004599766383548789	0.005124241820969446	0.004140191024200197	0.004568391456886847	0																																																					
MG33	0.007102123094882396	0.005676577253613412	0.005690356577901846	0.005405448296112374	0.005612856945676844	0.005829735193924683	0.00541763849649912	0.0052814592545156165	0.00578322371234596	0.006181209202397406	0.005809603045830778	0.0054142531113619	0.0061121526418090825	0.005455221860487518	0.005134647160777257	0.0054639957087923244	0.00644198186692293	0.0054966587844954866	0.005939542836610639	0.005148672897562006	0.005420379082921303	0.006101928474811055	0.005606257546753986	0.005567483232349205	0.0053015907622432365	0.005740883865606652	0.005301701318144547	0.005193827425439195	0.00576449347971901	0.004908119382707097	0.00581728127129535	0.005374651309848102	0.005940499865681509	0.004960500613991841	0.00599277623650878	0.005668619081584627	0.00618900367285671	0.005277573736236858	0.005905632974321997	0.004924355855112818	0.005256600574157356	0.004914176924869356	0																																																				
MG34	0.00668479484342254	0.005780710929943748	0.005358510322781295	0.00576567987760833	0.005588871511027516	0.005092240816419851	0.00548831323565888	0.00526732819308107	0.005640084866326965	0.0053621413786793595	0.005212131895693797	0.005266878808390666	0.005492106745307204	0.005352178386242138	0.005004012587719744	0.005654762305627691	0.006067787733396429	0.005012969612520909	0.005625614757487153	0.00549089892003899	0.00533862295129332	0.005488813745483802	0.004928714916892449	0.005248735265272876	0.005033847856742676	0.005366775522123018	0.0052989620592568355	0.004637404384521122	0.005549537450281984	0.004622106759591572	0.005902034608111373	0.005220086207498315	0.005587650461448173	0.00481003819360157	0.006153100290186648	0.004830099428152377	0.006372397072951355	0.004827631208045152	0.0052047454170364585	0.004686880041413872	0.005045579129626613	0.004360680575103456	0.005581344878272668	0																																																			
MG35	0.006659361664276664	0.005990776017645676	0.005290034040267841	0.006171041625296572	0.005457810046092588	0.005322044296491053	0.005085106136748965	0.005353530503016009	0.005523740524859041	0.005466898189026448	0.005408180351859443	0.005492522947887442	0.00600243673574465	0.00553874978929859	0.005320500149621643	0.005436772613926939	0.0062110463971159924	0.00499686094140555	0.005932001229899166	0.0053629811973671775	0.005141614782627765	0.0057534697227609	0.005021690962451054	0.005436740968081971	0.005060436742592761	0.005329021139572902	0.00524201200649363	0.004938175122827733	0.005702864241571144	0.004915489141904538	0.005598279507769799	0.005259620401812179	0.0052030795770268	0.005150282924028842	0.0063655532384902	0.005387077715795865	0.006229408554435909	0.0048102607354212614	0.005441227041919582	0.004907479902234251	0.004954718763436579	0.004690397496450806	0.0051180724994098125	0.004987502337771598	0																																																		
MG36	0.006727441761352366	0.005482257794083958	0.005426581965758158	0.005436236843630165	0.005148951124320924	0.004944324787780992	0.00499556653901151	0.004699749016421532	0.005442708433979426	0.005370321157114691	0.0053190156792872504	0.004942255471899769	0.005537625557213665	0.004832057902327407	0.005037787269131581	0.005301393855592531	0.0060918322261310715	0.0048097322432504985	0.005926689312032015	0.005205019035208439	0.004971452508132443	0.005187706781112168	0.004713383424161813	0.004911967965609539	0.004784435692675749	0.005460477649528061	0.004605565155408198	0.004393806566255566	0.005355000598425722	0.0047883637152484285	0.005848379651553154	0.005189752083400553	0.004923544291199769	0.00447846600501722	0.005975099047984212	0.004967379134033089	0.006375392908012029	0.004997320879869928	0.005216874386933616	0.004574778806800844	0.005021063506099714	0.00465595296038738	0.005149486231287863	0.005262720349242515	0.00514270817512709	0																																																	
MG37	0.00674328498202531	0.0064148533497203845	0.006565513307797494	0.006911556616792878	0.005987793268574213	0.0055857804724370255	0.005690860095862805	0.005635993326356894	0.005916410022368357	0.006232851702937473	0.005804245410370792	0.006436337605821488	0.006026092767496024	0.006334258947416418	0.005761047676673784	0.0060206848626437786	0.006707612843994118	0.005993525682567687	0.006546776870543729	0.006346385345512388	0.005746495289428388	0.006138617010942228	0.005441899961910543	0.005903624668620335	0.005889698729351115	0.006165791960780838	0.0056157153903091854	0.005479861612260612	0.005649460059719448	0.005492144831389862	0.006519266614975177	0.005810286601832218	0.005893611611197964	0.005462071889121146	0.006371276494899747	0.005431733593853188	0.007332447621456564	0.005904278866164983	0.006036608529571878	0.005321081973053661	0.005447442801044327	0.005157373020832634	0.006183859136660457	0.005562365359737708	0.005790177558831162	0.005942343267243692	0																																																
MG38	0.006704264246157491	0.006367521488422514	0.005466801085089951	0.006395815425876231	0.005869044466119732	0.005635470387685109	0.005383166226251335	0.005702140107715981	0.005736574553648937	0.005506491226458039	0.005921476242978343	0.005498095781112381	0.005995896297942488	0.005412295021053549	0.0050819649084999415	0.005925516534078249	0.006535087074267291	0.00599683860711746	0.005973117022366621	0.005969117082482984	0.006127268467082395	0.005458827679837261	0.005635823574663868	0.005626724423256781	0.005438934493646066	0.0058708592318661434	0.005638917170047594	0.005314820670281328	0.005781991654155157	0.005580865201988792	0.006416550387888362	0.005639461988538286	0.005859986721964927	0.005242221326427559	0.006512517415533584	0.00596660067974151	0.007076269750807396	0.005540303838978263	0.005649499433874342	0.005287301479379284	0.005320020658097199	0.005263050188991793	0.00616719752432565	0.005676739838580067	0.006116209695348599	0.005843826623926386	0.006542264275790375	0																																															
MG39	0.00646813423293126	0.005637489858696962	0.004875980989702234	0.0056769736598586895	0.005562160405929509	0.00485697162010877	0.0049625864763700464	0.005180125176905959	0.005095162963271285	0.005283859917478765	0.00492909399684059	0.005310284909034132	0.005605247282428909	0.0052405302554340135	0.004995027796952324	0.005164313566887019	0.005991039609136994	0.0049227337828719325	0.005459012710295196	0.005296004494251909	0.004970544118717314	0.005683822020410141	0.004998752958282466	0.005242986480836341	0.004610773661996572	0.004801933147062123	0.004887628113470453	0.004463087149025927	0.005414100834982751	0.004654673452878983	0.005178675596060896	0.00487503900813	0.004809853399117068	0.004525044378922107	0.006040759524575954	0.005404498713768052	0.0059783822329808394	0.005114211728648415	0.0051628286499799175	0.0046042068851950314	0.004647816780998498	0.004734106331155885	0.0047925450823648125	0.004902965465748535	0.004598483693622292	0.005094028533311225	0.005791119100946731	0.005652927580791922	0																																														
MG40	0.005947591343063534	0.006311531539535365	0.005645968405540658	0.005862217785480179	0.0055398936440548985	0.005440804662375368	0.005133707525385608	0.005104855061037661	0.0056766858220024434	0.005433478268995376	0.0056602439755269645	0.005294480877402497	0.005622964321823943	0.005323219546432379	0.005367972926037974	0.005409953042325399	0.006172587420968251	0.005327881808149693	0.005753386389305802	0.005617208454478644	0.005534902067784322	0.0052837037331328884	0.004861480461321497	0.005133231349019687	0.005687909718054548	0.006038378034507681	0.005058923961773301	0.004592274531169305	0.005668534515541793	0.005250005734551218	0.006145226609650276	0.005077069042927913	0.005488302051409348	0.00519753661515113	0.006201610384882426	0.005545773073673763	0.006723504351010745	0.00537910344900488	0.0055890722224462746	0.004665853329181129	0.005420976713440915	0.004856633144470585	0.005759192515698157	0.005138035511559873	0.0057482373207441	0.005115081572506307	0.005824252253238915	0.005936904128569152	0.005425460390681331	0																																													
MG41	0.0069615255284317945	0.006203306244011016	0.0059023973844619685	0.00634678502135422	0.006280233734834576	0.005038557496709931	0.005820587701825226	0.005348286618256521	0.006048629136863708	0.0061798132796007195	0.005410456165531794	0.005495958201042955	0.006098031145541647	0.005794616212612423	0.005863602606918293	0.005708704940975161	0.006984531638156123	0.0057060837363800505	0.0062744482979067775	0.005602689470477196	0.005161940728759741	0.005597626501810808	0.005422314619695177	0.005695542010098464	0.005255259028432004	0.005645496570250765	0.005725706121110177	0.005245505424560969	0.0059663579758893765	0.005059659280218176	0.005940817922381364	0.005535205652718749	0.005738491632356877	0.005700175636703882	0.006694877268902668	0.00595090163529365	0.006426662520291359	0.0051327057030024475	0.005880586100819463	0.004910836296093224	0.005261406050085637	0.004794570645790913	0.006004195382717331	0.005189348062644215	0.0054177710200055485	0.005357255934782554	0.006497212355877414	0.006139056358837558	0.005144336013080607	0.005884696302706353	0																																												
MG42	0.006678749779451342	0.006103030707158632	0.0059539882485221485	0.00669845337711457	0.006189125365165555	0.005484905591800926	0.006418166546231791	0.005708150380027334	0.006339830419582057	0.005858984146886121	0.005854216455181465	0.0053270205016534185	0.006189972428296343	0.005625336533987696	0.00547766005833414	0.006043124602019799	0.006853371328609795	0.005667550776912688	0.006007701452316448	0.005902269802926036	0.005721555771195067	0.0060651964664637835	0.005786488725244858	0.006277776026592095	0.005225258884021336	0.0059996891800894675	0.005629787847568683	0.005473282144487169	0.0059246201105415605	0.005848731156811782	0.00668565534535341	0.00586137902841426	0.005656397811506894	0.005660930100119475	0.00682339400180884	0.005783035846763808	0.006760708886538996	0.005960665533786502	0.005802151087414341	0.005563884080414069	0.005493023529431556	0.005394907882914558	0.006202078548283638	0.005518690467520778	0.0054283172531373065	0.005823983410399094	0.006809064166969761	0.0061311735164295686	0.005451047094179204	0.006013084765785555	0.005859587344008224	0																																											
MG43	0.007686196782479459	0.006602355915011431	0.006249165435592919	0.00643880080130167	0.005984434948144372	0.005677579369617628	0.006057887516303246	0.005941310353524345	0.005824989756425191	0.006331455156211767	0.006014554288886774	0.005866644336537988	0.00640233178110072	0.006390141049648973	0.005920312190395096	0.005752451659248418	0.006179539222906374	0.005926874147587895	0.0060505013229494534	0.005877094235814153	0.0061760057084737216	0.005997614717836595	0.005968486033309434	0.005723745059249585	0.005800292055161408	0.006446314076131653	0.005983690749849303	0.00556783034361333	0.006053998329681182	0.0059383388390154305	0.006551662651078181	0.005678004056291652	0.006335274934852358	0.00614487603606086	0.00691408192039579	0.0066503537430099785	0.007177857859133653	0.005839992464355878	0.0056611022782226935	0.005403195748918416	0.005971594840523779	0.005662514035310535	0.006437353698157131	0.005818952129577143	0.006191337882793157	0.006187772394254673	0.0068926954048841695	0.005684687012496185	0.005601957730577697	0.0059873824815581496	0.006040828419939059	0.006241788893965463	0																																										
MG44	0.006485601463407672	0.0061667528143190325	0.006028112407550676	0.005595661976676089	0.005917121025691195	0.005425693989366214	0.005336957001106565	0.00509579496651327	0.006022995016350141	0.005580288779690337	0.005262611081376096	0.005146632399127726	0.0055861900437323975	0.0051038058427385746	0.005071016670348594	0.005263158025949143	0.0063356627143728575	0.005460985157421198	0.005611214035986412	0.0053829638461838246	0.005109863848348239	0.005392591917518479	0.004759665634624045	0.004910208732271178	0.005238011917869083	0.00577939112540596	0.005431338501324721	0.004790488212859311	0.005684663547289833	0.004929808407306101	0.006180019141582692	0.005258507203329869	0.005899463580257947	0.005049146916288989	0.0058774151206308625	0.0055529093151591435	0.006189201216761894	0.005240411995869182	0.005677148853532349	0.004997315883954053	0.005390907933231783	0.00470348968165859	0.005665591309149418	0.005249144546253416	0.005603783560673767	0.004888291085624073	0.0063705969249225405	0.00581722123210296	0.005478787697266446	0.004881194166292808	0.005285016057909827	0.005875240281493758	0.005790720466300094	0																																									
MG45	0.006541191921709466	0.005718487966978075	0.005334792450642311	0.0053964646231689055	0.005078941742656439	0.0045818697544941596	0.005076588210378077	0.004899184315552193	0.0053457266950563435	0.0056074804062150345	0.0052525904193164	0.005079584418674822	0.005162185067915414	0.005271585056757522	0.004729831862811305	0.0049994501341104215	0.006091270643111617	0.005038266218082774	0.005454709620454532	0.005363462444931508	0.005037761068229422	0.0050241200462106525	0.0051573251750868035	0.004763956477297608	0.00484216990615215	0.005063417167581084	0.004796590025243757	0.00475435769230438	0.00537439566529619	0.004506565014470839	0.005781144211275288	0.004956341100074994	0.005514868636302674	0.004158951124930887	0.00582433115847163	0.004746242819226644	0.006662425419426252	0.005219858329859682	0.005243036081887449	0.004472730238500518	0.004453754600032179	0.005052029701902307	0.004980801362132584	0.005093468599475661	0.005546089430310559	0.004992098563754617	0.0056558159695691045	0.005626751482498557	0.004952822861630285	0.005312395990713193	0.005493704918470355	0.005793763680870739	0.005312629237038603	0.005115849964216784	0																																								
MG46	0.007381729108573373	0.006839527597858352	0.006041016543862936	0.006143077419015238	0.006191792767283812	0.005914164712758193	0.006033806243533727	0.006268276272562595	0.006606626861172713	0.00598385941304077	0.006066123871769045	0.005900851916960214	0.006073362186359048	0.00593799698793741	0.005797518914248299	0.006140546319875482	0.006752563125939708	0.005707192603567127	0.006107183728455465	0.006174121331777505	0.005761173127537853	0.006156475146169876	0.005856139534996083	0.0064479956012895145	0.0058581203625878	0.00618834249922821	0.005717153987187827	0.0060669142633455325	0.006380796974468622	0.006055297386498604	0.006647667185855907	0.005752879368418453	0.00574352456294568	0.005311201027429665	0.006522577659194217	0.00616732210615535	0.00720172012825012	0.005782052596850981	0.0066093264988150244	0.005466523623241898	0.005871360478359826	0.005410533920782323	0.005690014595876825	0.006075377418079408	0.005508355205420908	0.005579872898091316	0.006549816375437215	0.006575215738076264	0.0055183062201465145	0.006226170707420886	0.005988551333057194	0.006460244450930803	0.006844050146481893	0.006190580929404264	0.005885478271006545	0																																							
MG47	0.006209356327208723	0.005668934498488699	0.00523629885380403	0.005716549148637171	0.005098367766019715	0.0048758661807421855	0.005095282112317369	0.0046917494450563575	0.005129267992993927	0.005295733541638155	0.005022605015093628	0.0051990009790048985	0.005407627816542053	0.00486992515914053	0.0051553705091585906	0.0051903221348315294	0.005844448548717767	0.005282780726357163	0.005600289785146162	0.005159250396227252	0.005409298430226262	0.005482751031888616	0.004635488438310988	0.005047638550434521	0.0051551138916040825	0.0053082840232405405	0.00473271543695597	0.0045816882975138395	0.005022635736594806	0.004555804791184821	0.005661832701154112	0.005003010370921112	0.005432629256025921	0.004878091247037069	0.005802713830847561	0.005059193555311122	0.0064086674366169	0.005319102431960611	0.005309706979534258	0.004542764389364209	0.004664767947969322	0.004499374149222773	0.00515680599048281	0.004903343469551753	0.005180469909695946	0.004557852016679005	0.005980621266049033	0.005302655247662569	0.004896450564795949	0.005072493320051637	0.005232526158355626	0.005334883618301744	0.0058031336245855155	0.004855809692920369	0.004645831942130346	0.00586407060644035	0																																						
MG48	0.0068865694909829534	0.006120170627341436	0.0056434782204440315	0.005783324935847656	0.005330774132231324	0.005473377506344089	0.005570125946202491	0.005515211435018977	0.005811372904251817	0.005304720907221766	0.005098789977802218	0.005466450660556557	0.005780098848588723	0.005409145429499994	0.005128815181815801	0.005486907929345165	0.006704298963338588	0.0053884818316757175	0.006158984332984998	0.005608023686407851	0.005203636638322277	0.005644938963772609	0.0053940486091801874	0.005460013422759057	0.005510682859476373	0.005118185198352176	0.004754722628591323	0.004912971398575089	0.005378929709320306	0.005063079754756129	0.005690053113799766	0.004965859556474673	0.005509853165617514	0.005094047470055232	0.00621171648357491	0.005318157873623053	0.006640223401809047	0.005317498095412079	0.005301316740934207	0.004883224987647695	0.005541218489095641	0.0047871831543943085	0.00556628378537374	0.0053814511059200225	0.005076348722434949	0.005163667571654232	0.005989668540829336	0.006102291633241816	0.0052691958539610615	0.005422866312816443	0.0059746826165319655	0.005986432082539316	0.006201103347216335	0.005509921687086676	0.005274749716561856	0.005541107633964793	0.004970842232726208	0																																					
MG49	0.0065970162495519935	0.005891758945550621	0.005400777117830188	0.006032896612072984	0.005889894749847642	0.004786070004761081	0.005371639255529494	0.005361591877940914	0.005513599587456891	0.00527531286629424	0.005214513357248631	0.005047207021895798	0.005718068929605254	0.0051010032025097215	0.0052354624144179554	0.00513917880785553	0.005794302574857017	0.004963952366377276	0.00538611459419254	0.005258621744266378	0.0048932102863000785	0.005636096812352411	0.00520542844261435	0.005097580290170628	0.004844936340449131	0.005626578840919862	0.005113596059292838	0.004950396840539005	0.005340863656101563	0.00498546335803994	0.005609299738837598	0.005128417260230721	0.0053684286298064906	0.0048651032264369265	0.005781512586811565	0.005214032061362864	0.006263575118771191	0.00503020643181681	0.0055178382675592965	0.004567447912613011	0.005035039537169896	0.004445703686449323	0.005296673457165453	0.005204051792578608	0.005306478667020887	0.005139510343205972	0.005963345188058105	0.0052674163807957634	0.004974448500370733	0.005485549289354793	0.005270626828371683	0.005688357657623842	0.005585368527335213	0.005079047192039271	0.005074613181075916	0.006204125090503338	0.00481145172823132	0.005776143358521153	0																																				
MG50	0.006714804385203887	0.006131063069557254	0.005693561927710096	0.006054201268397525	0.005761906107266611	0.005287591052921039	0.0055092345641503376	0.00527389323657643	0.006051106051516581	0.005826726407189831	0.0054779044786155435	0.005699268389507101	0.005587295970311129	0.005371429154154678	0.0052525367327604326	0.0052371534630574045	0.006316699573751666	0.005581292037859452	0.005909638878413617	0.005313983040231813	0.005423822855928867	0.005712844137261486	0.005212536964649876	0.005169775115133233	0.00527104556149803	0.00570652557096327	0.005272481109798518	0.0051163944885588945	0.005479982179218945	0.005217319048248603	0.005889013187532426	0.00508468058167677	0.0057769360647040215	0.005155701713292115	0.006329723384727151	0.00559136268514886	0.006570269280089255	0.0056046017480322835	0.005669307524522732	0.005023888183425184	0.005424266048063231	0.004673520331101663	0.0055635691192469465	0.0049389805562988914	0.005222373067783286	0.005497894548934632	0.006053369466805861	0.005790033587251187	0.004967966094345313	0.005702943573007072	0.005589780472098597	0.005990980034383172	0.005973296614855316	0.005484625098481352	0.005226165855438808	0.006572367662271842	0.005221761124362103	0.005656072611682982	0.00517609901152805	0																																			
MG51	0.007175982815182254	0.006455808791901923	0.006197869342690111	0.006233860192469605	0.006362076378487462	0.0057036414511846475	0.006127336179998039	0.005503918402590419	0.006268949057905729	0.006408001201517669	0.006280319335642028	0.00583591829619724	0.006450642401436812	0.006075106181307275	0.005576402215745028	0.005575107370878432	0.006826288472154477	0.005592783901157047	0.0063303355703710614	0.006636441535681566	0.006065402287861597	0.005621770637812745	0.005794237187363382	0.005798956977111334	0.005766244879638794	0.0065025046654611845	0.005752459375147084	0.0058026980357499605	0.00636748589498369	0.00569278731453635	0.006912809302224298	0.005857648320618928	0.0064217106545670566	0.005686469801728836	0.00696087326322192	0.0057649909343436825	0.006891311347912061	0.0062138071130553715	0.006112843186778046	0.005645416676658155	0.00552555145903013	0.005934313043482327	0.006279193501902273	0.006043741635268404	0.00629964065832587	0.00542608428836754	0.0065924295054893296	0.0062559181080493655	0.005682817522745616	0.006251963476068893	0.0064399148666073385	0.005977582141557053	0.006254387989991128	0.005878773796695704	0.005678775751791357	0.006769577523176124	0.005948594151242319	0.006351903393054496	0.005997256572628858	0.006348544434074194	0																																		
MG52	0.007663379113277526	0.007075002796440331	0.006495073682707292	0.00687202040847675	0.00652211162919235	0.0060366670483732975	0.006561261123322116	0.006315852934910389	0.006848877740304435	0.006662772878539615	0.0063607430778739515	0.006494693500113247	0.006803539886679852	0.006018567213494245	0.006369166462441755	0.006216522524229169	0.006806153332676184	0.006376094208724103	0.006792207001024966	0.006566693859929307	0.006458823073914384	0.006675703843651864	0.006276039059185693	0.0064340089160644905	0.005881330093664782	0.006597294969219499	0.005921909361334394	0.006372156048664368	0.006672784644797157	0.006541353112058321	0.007167721331159349	0.0059169924922964105	0.006505650314022889	0.006046324875719626	0.0070308566607597675	0.006724235180782083	0.007593476997441085	0.006822526314705668	0.006600544599224222	0.006469948481738032	0.0061928524724926305	0.0062522196725094716	0.007016239013714474	0.006655253959614023	0.00675907393442355	0.006047855770914565	0.007281321089066561	0.006845195149244739	0.0061323107351857805	0.006631611769475554	0.0073973665562285205	0.007013784121535675	0.006828191534031045	0.006413570984204496	0.006569817699730096	0.006800280691000623	0.006633637417755636	0.006378083123793437	0.006736634798503476	0.006715148585662615	0.006677745190657429	0																																	
MG53	0.006410208102512624	0.005497117524341068	0.005259409796356846	0.005349678309011015	0.0054507959625433805	0.0042763226974971485	0.005051851016186613	0.004771655020218366	0.005435371366088615	0.005637659767150819	0.0047073844469908074	0.004702840856254052	0.005450998701236037	0.004992329868229881	0.005198389001867596	0.005044981976187805	0.006004469012994541	0.004687491986580897	0.005673495126264901	0.00517462180467762	0.004614702033056694	0.004870145634786559	0.004771891077986918	0.0051555341322418	0.005211091947078447	0.005397464587368718	0.004891902920896612	0.004808834606391932	0.005306132660477687	0.004600563855665182	0.005923224668636922	0.004666301446205523	0.004936166154053862	0.004445684785413312	0.005761675079657301	0.005038957242580321	0.0058509348790292985	0.004931080090574236	0.00533420314092914	0.004540834778978024	0.0047950400338974495	0.004811561376321086	0.005233087927552181	0.004907669149425913	0.004946678319186886	0.004658166553693041	0.0055600094222791096	0.005623888542822063	0.0049524343276447875	0.005217354678775007	0.0054095295590678525	0.005785511232337535	0.00602068306714399	0.004884121507807031	0.004881291341085839	0.00546287922154111	0.004714220855357642	0.005192417007163656	0.004939108581930028	0.005248339521124623	0.005734716331209982	0.006169374960031147	0																																
MG54	0.006738811891414022	0.006211693372951991	0.006098556771639237	0.005924866525779641	0.005856766226480575	0.005478558421546974	0.006149963473538772	0.005681091668383163	0.006038743277539518	0.006144752566651026	0.005558135168704392	0.005791902275039481	0.006756095480729113	0.005673588023924727	0.005514839042476931	0.005882920163090853	0.007055804467555582	0.0058362811325165425	0.006046701162777617	0.005632439194632848	0.0060636811424856826	0.0059639308738088405	0.00582458045667562	0.005848098268784284	0.005619741216732305	0.005527727222935528	0.005732828118843827	0.0052688355541281925	0.006154093986875233	0.0056221626617099195	0.006527445485075018	0.005863496450723956	0.005789457492875825	0.005685673667508545	0.006748956624801669	0.005841258599191982	0.0067824995118471315	0.006103113297459782	0.005861871775246315	0.005092009040029648	0.005121872806487735	0.005558409402051086	0.006058560954942294	0.005664511158071681	0.006070133064533805	0.005308682651629911	0.006231300497361796	0.006252197816431895	0.005491754076189528	0.0057162340805485285	0.006212254403245352	0.006335695253558887	0.006282121674489641	0.005944770869418666	0.005754096461630151	0.006431311411170613	0.005627850598982102	0.006144047733874641	0.005902731486889858	0.00602403085862482	0.005641959561988517	0.006478644111968587	0.005195990107532587	0																															
MG55	0.006769803487580022	0.006274550676318861	0.005934825718034639	0.006247654901065778	0.005928282436333524	0.006068818941378516	0.006128597815841852	0.005508642210965515	0.006194764551096891	0.005886626922896367	0.005883773805110022	0.005799074694503232	0.0061982414198814674	0.005868327646382131	0.00540737515810217	0.006088801070178399	0.007011892465751606	0.005142571421014374	0.006656765481456797	0.005720142316495222	0.0057581826702822	0.005767425929274533	0.00587288607800984	0.005649652436393988	0.005925592414914965	0.005935144928000735	0.005746462143910536	0.005715938917895486	0.0059623058656661475	0.005406302843323066	0.0062377207303920615	0.005417681670517989	0.005843595543877957	0.005534906961728061	0.006587183555371733	0.005704007461148889	0.006930529558973801	0.005964711494110102	0.006052853925469456	0.005173857964748166	0.005416303034289514	0.005139913617661826	0.006273299939304388	0.005465085880592887	0.006064511718429345	0.005598809749407141	0.006380452541833418	0.005885411480573985	0.006104724565362752	0.005874193722459985	0.006273979793279325	0.0065707035853005405	0.006848618588377577	0.0058398649283127255	0.0055348245217363675	0.006207462271573469	0.005379996762808863	0.005422774616262273	0.005936212565428987	0.006063076694312845	0.006129884545221894	0.0072210203868432864	0.005127999843658188	0.00605004676971141	0																														
MG56	0.0067445091274733766	0.006058392052862319	0.005117893413677512	0.005500026143577129	0.005278744234506642	0.004714239049106827	0.005207873085194957	0.004737565941306814	0.005650248400894646	0.005689737297306387	0.005126837671683463	0.0051727238722013265	0.0056332615988944285	0.005207289809664276	0.005010961771191905	0.005230319668540023	0.0061235708617432575	0.005331500309671974	0.005623951216707949	0.005431663122659587	0.0054815538670888704	0.005644005856716533	0.004884200567103309	0.0050200424427449585	0.005053643601968487	0.0057052393810077115	0.005231769017981657	0.004598811287388195	0.00554927660437863	0.004823880819749097	0.006099478779680243	0.004980721791534226	0.005246859305696508	0.0050956521728729425	0.006165021617510443	0.005073804054698627	0.00658560939688887	0.004921830954126759	0.005263552715443398	0.005055847661683151	0.005115698753226685	0.004964187291548101	0.005339141355031313	0.0049323556267571525	0.0048282453722688756	0.0048445345211817255	0.005689724525864758	0.005265779393427058	0.004997323225685542	0.0052261085354721355	0.005625547546752652	0.005484572554972769	0.00600435986583269	0.004837239436019341	0.004874938769693204	0.00619460276997218	0.005052450400463364	0.005313823727856721	0.005254477303177161	0.0051509457478039426	0.0058934263831422655	0.006264221002901514	0.004917093825661974	0.005693769918314466	0.0062625325443124635	0																													
MG57	0.006799224235506043	0.0061440233549219965	0.005602471208612182	0.005966955445673228	0.006135623259337665	0.005743147005685104	0.005541468819109062	0.005687894425872308	0.0060729554776409655	0.006057972144671013	0.005495812494820761	0.005675364884750939	0.005799790957598494	0.005733138896088845	0.005660895966094162	0.0054419307780708675	0.006550804755139495	0.005448662171077647	0.0066484300523093915	0.005917638333310078	0.005570694553337973	0.005532854608945037	0.0059314393494064995	0.005690908905241597	0.0054301396214908	0.006027695220724469	0.004918062652446927	0.005057985785508577	0.0056827077521890475	0.005131375711312482	0.005913769959910861	0.005679811357231391	0.005833019874482756	0.005532589074389679	0.006466195918217397	0.005727175774654682	0.006331511594286764	0.005924882723096223	0.006029785163424895	0.005203482004980751	0.00539656218683525	0.00541824842893181	0.00594793193632407	0.005490656394319921	0.005902259075780873	0.005714874848546681	0.005896641782215124	0.00620667561429764	0.0056224763380698164	0.005500398515035495	0.006261490269785928	0.006461185028848867	0.006533618050811793	0.005997520748164437	0.005767545853468511	0.006311655837079918	0.005927445952137563	0.005325832697960802	0.005719510392226116	0.005716641385940871	0.006431041059897083	0.006712309821147492	0.005385633154472779	0.006130459521410612	0.005879472079960764	0.00579857059897011	0																												
MG58	0.006398973192180637	0.006044947998152567	0.005363274598054117	0.005646499423327563	0.005658583357850686	0.005211903118496141	0.005329517368795498	0.00494942757922947	0.005425150745476066	0.005974598794733343	0.004983516692117804	0.00506234500170054	0.005349128971721468	0.005107704273082973	0.0050061088153582674	0.005021628162448173	0.006369811940491455	0.00505903307352033	0.005639191668227559	0.005599586105257871	0.004958821313509715	0.005088576814073305	0.0050537477648459755	0.005561678565083982	0.005354670830525814	0.005612737973656101	0.004920000362739468	0.005047596203310982	0.005338437539966857	0.004938366614099414	0.005732965908913676	0.00520641667667548	0.005129505021321631	0.004757246444474938	0.0063213305700264	0.005318907585693089	0.006341940637149337	0.005096976351724953	0.00551936024494452	0.0050883273181977105	0.0053033337480310845	0.005131017489642488	0.005112079399267804	0.005136807994445979	0.004997349571242936	0.0048477911771489	0.00584043419993191	0.005636725957379437	0.004957792788102036	0.004921247077856635	0.005869998144646309	0.005817301271840832	0.006286835157661793	0.00537521750011199	0.0051912685523780545	0.005959339439678974	0.005275744692741312	0.005468171459777227	0.00516664395866293	0.005426580337416558	0.006016198755407709	0.006556798557820516	0.00491136530882555	0.006054132558394633	0.0061444900338899445	0.004998617123070914	0.0055050724544820785	0																											
MG59	0.00642576627873325	0.005688310053938049	0.0053111586940071676	0.0059074679634611655	0.0054316442966008596	0.00510815117987699	0.005155108179577175	0.004997674438414009	0.005693467226331003	0.005397548566803031	0.004807533031294752	0.005225122716814303	0.00586751391754975	0.005287495258864232	0.0052124130901083105	0.005114199717497646	0.0063896031519198255	0.00515329309328647	0.006126732597144851	0.005086272372240109	0.004921406805546378	0.00524580574779354	0.005008071742024449	0.005214107376077566	0.004939467233459552	0.0052932185485528695	0.004847558972303731	0.00468627210089707	0.0054748416302435885	0.004602981961463725	0.00572785369995114	0.005322662291052433	0.005078360690151709	0.004780826744050196	0.00627194623609463	0.00540310516599334	0.006370850749926203	0.005080655867459632	0.005140349067062416	0.004258615422742372	0.004660489267718314	0.004409659056986423	0.005334974982495049	0.004982675337560168	0.005217377618957482	0.0048448647833117964	0.005743683605094355	0.005737941144478274	0.004785769047787151	0.005350637489277954	0.005347190482943002	0.005364654701616798	0.00584124592906562	0.005220955704140344	0.005088839996261541	0.005757988357747641	0.005245852039864259	0.005117716181258185	0.005278909678240628	0.0053846235588443335	0.005565455967743679	0.006430047117262895	0.005108195539786899	0.00535547949390023	0.005236304385606515	0.005430197515759705	0.005101260239191776	0.005034764455686366	0																										
MG60	0.006413727847155829	0.005945436915991916	0.005557627849451149	0.005679417164503193	0.005375173657539357	0.005223646932194107	0.005248196098024032	0.005086819913645675	0.005510699084739443	0.0054278224162339185	0.005059218351365408	0.00514663298423514	0.005775645451497482	0.005016224030451091	0.004875114882210656	0.005207224880983986	0.006569550602853342	0.005224798423213215	0.005803813424254164	0.005214262790833735	0.005414618376733241	0.005086759191511827	0.004879231495481385	0.00513621440472675	0.004997256020466724	0.005185544929926157	0.005057349091154246	0.004853251565206009	0.005576869724311753	0.004970452220385003	0.005916394368120855	0.0046534907112295194	0.005047685660938102	0.004760583264993576	0.00616435966934548	0.005160041863111993	0.006515976079567288	0.005096859651086155	0.005348169489111921	0.004762459593495234	0.005072525419891376	0.004957147972113828	0.005362239994124702	0.00502348062237245	0.005389528271732283	0.005107468451536534	0.005806266632443157	0.0055184284766221	0.004748532658286148	0.005481449571871259	0.00547691670216098	0.005634764184600467	0.005605777070680536	0.004880672606258382	0.004914757122634123	0.006002118660465826	0.005233916336974687	0.005365476175094808	0.005168344762335502	0.005062833670344554	0.005667202938843548	0.006323763968207566	0.004540667629318939	0.005973156994448511	0.0052135832236666554	0.004945538935358108	0.005364703889336758	0.005148998135648577	0.005080238890770293	0																									
MG61	0.007070445480580627	0.006327987958387781	0.005992708830238816	0.005895004604989383	0.005473932557694241	0.005244894270156833	0.005759981077763004	0.005300888644074945	0.006257667780468265	0.006020088045556731	0.006101198036336588	0.005580594900315445	0.0056369254266007566	0.005634116072746524	0.00539864076006098	0.00568107276753703	0.006777433318286838	0.005345414094713947	0.005976630520490591	0.005762259979839387	0.005908465143610975	0.005764374141783661	0.005576691910941449	0.0060330278506513756	0.005679566661166167	0.0062069538604692135	0.005509756731791831	0.005367420832839243	0.005626697441470382	0.005157882877929662	0.006536373655249658	0.0056883677204571	0.005585445897950032	0.005708736341030484	0.006592093560950225	0.005615161271411638	0.0068583178567940386	0.00596419759431021	0.006182235176803314	0.005433645017908701	0.005421297562830684	0.005208340321854917	0.005694201480025214	0.005562055427914322	0.005734065708718802	0.005383307344205955	0.006392317015677447	0.006300833848700312	0.005542046404973089	0.005880470354333105	0.005675728874471652	0.0064691905655021855	0.0063711910412187845	0.005968767646579861	0.005598912913996023	0.00608097923159226	0.005649472360232028	0.0057864740052166125	0.005537576335480142	0.005600835115163426	0.00648995072995023	0.006991421984521374	0.005501283843955395	0.006366065305099938	0.00608667098093284	0.005510108050351618	0.005806920807641587	0.005677188444132623	0.005679255042292474	0.0055742237857510386	0																								
MG62	0.008097695690670577	0.006966412812486749	0.00651282058363456	0.006248235460255373	0.006287296965773522	0.005622409220581034	0.006080290101273579	0.005618259637361804	0.006390501748735771	0.006598795995124401	0.005863160445110345	0.00636049986086552	0.006211468255574042	0.006253385025602439	0.005774360330670325	0.0059619916342693495	0.006879588404319573	0.005838228374127158	0.006595269603758496	0.005968640019214297	0.005787070230543809	0.006067307475525659	0.005740302300459185	0.006332387704081423	0.006200290602811329	0.0060575945195405585	0.005626711864719158	0.005690856862151537	0.0058952905794677326	0.005507347749057035	0.005974975201716196	0.005799528687448927	0.0055285197223910445	0.00575476551435012	0.0069170087910438854	0.005838191695792382	0.00700772277821228	0.005641259599378621	0.006299475680532494	0.005433293501248064	0.005646481950120429	0.00524261424288183	0.00649265582277155	0.005892852626928934	0.005682778895735522	0.0057744568103399035	0.006741856623690497	0.006598947252818368	0.005891713017619193	0.006141445708471804	0.0059937610598248215	0.006633704888532603	0.006474234138747515	0.005913777745647718	0.005860225517924009	0.006542702690383262	0.0061329815191267616	0.005968574938212756	0.00580330298734705	0.005941554383479743	0.006690236636475717	0.006957179677154681	0.005559753746448494	0.00630841496474403	0.006420220141676653	0.006175890121181927	0.0062749180465878785	0.005929249633860683	0.006077670841315681	0.005881938213094413	0.006019293840855748	0																							
MG63	0.007544495911925581	0.006369574064510483	0.006364249931960711	0.006094595113290614	0.00661512236121483	0.005911229071062259	0.006166377205675495	0.0061547762738970654	0.006539205009796391	0.00682027077877469	0.005987964095616773	0.005883613023899275	0.006331398120859333	0.005821022354353621	0.0061760047815170634	0.00621428028442218	0.0072057204772361496	0.006179003701541142	0.007031505978772582	0.005903363580003357	0.005483036638206934	0.005954766834505592	0.006123138676345341	0.00630880729103329	0.0058857872546497735	0.00622687189903595	0.005986555915584175	0.005577694931501823	0.006128158856330406	0.005730480261267806	0.006156855311740853	0.006003859194455083	0.005848372635147868	0.005707639924250866	0.0064296246093916804	0.006414721585032651	0.0065629478316793334	0.006097314358757324	0.006147022137045617	0.005577895872237932	0.006135698377731426	0.005531412825274573	0.00561396336804064	0.006635460492974106	0.005778407946319613	0.0059042964518001865	0.0068165690723590395	0.006512365730400482	0.005779513354471008	0.0060062086513826786	0.006110929693951503	0.006266934356736135	0.006671526447404482	0.005940647690664631	0.005738065681115675	0.006805738746256478	0.0060846297085188315	0.005932142841736288	0.0054673291189194315	0.006110982854728145	0.006867816261370155	0.007353801224264144	0.0055764627254953816	0.0067419412083863555	0.0064152877252571785	0.006075238192324621	0.006102214568409926	0.00614467248200241	0.005534998647090602	0.0061418781126215335	0.006424531980689475	0.006386874112213656	0																						
MG64	0.006443343266671393	0.005474268064959579	0.0047411758787229115	0.00523950409482097	0.004816191671592752	0.004436994630932803	0.005097367409202255	0.004776221102260028	0.005489479049220231	0.00464717025493416	0.004773816580388419	0.004597110299536464	0.005238877851864943	0.004896762720729646	0.0046597149031358	0.00469348927506502	0.005588455728259771	0.004413767265364086	0.0052152932602487784	0.0050856926107785165	0.004631096700518517	0.004928892864110034	0.00432620225173198	0.005034655801582697	0.0046253493071898725	0.005184931375061289	0.004505974937236963	0.004564907440091474	0.004767015335305889	0.004476455643380527	0.00537021113173964	0.004451279299923541	0.004804562153899129	0.004207396292668809	0.00612623070679288	0.00456757969729165	0.0060737664465867584	0.004809318364028663	0.004972768053119169	0.004252691541969579	0.0046018814519111365	0.004098114942079089	0.004918033545453835	0.004595712060609466	0.00483994913569018	0.004502065804246811	0.0056920015024458604	0.00497830143529743	0.004400587352568743	0.004888350849401268	0.0049006567252286885	0.00521942732038941	0.005562039491048522	0.004771746989028192	0.004656596593836265	0.005539035568090793	0.00446670169443554	0.005118323248220066	0.004377385302124011	0.00471138955522927	0.0055251833383795895	0.006196019161195458	0.004547036719280751	0.005573802874073061	0.005398546322341772	0.004772355997175622	0.005319141366389026	0.004270183828834512	0.004459540505501839	0.004706021488920205	0.005394836119947756	0.005347905387555317	0.005452809060650029	0																					
MG65	0.006766563864440517	0.005634413522986309	0.0054325353518810075	0.005371673176545486	0.004989085317067627	0.004414927313442497	0.0046463769778497385	0.005027634375641929	0.0051552123902543785	0.0049446172136977185	0.005233342011443555	0.004936063890723518	0.00541679613113461	0.0051423881693389096	0.004867805045686162	0.004990480934292858	0.0060745227619703355	0.004915597591639158	0.005350195349411827	0.0054438958930745785	0.005111284555936723	0.0047299116151982715	0.004843405804556909	0.005133413846947689	0.004904658931446022	0.0051407087434488016	0.005181377302321677	0.004386042891362418	0.005206962936447247	0.004628814816942189	0.005725047056263654	0.004823104811899405	0.005330033361735216	0.0045702634032385656	0.005795914788057491	0.0049795950607006475	0.00615926610369437	0.004600253753403818	0.0052861852202185	0.004252868027703628	0.004684930315899249	0.004635361798280081	0.005210223999248918	0.005068043576602688	0.005291982565900466	0.004953534326394932	0.005613078611406597	0.0054943985783079494	0.00480798399335885	0.005193216853211116	0.005107892838784134	0.00566600485098084	0.005400616253863244	0.005096778529999629	0.004395427791687602	0.0055540319638573395	0.0048661510403519275	0.005005069331603838	0.004895685929927979	0.005224881436288083	0.005729718210752947	0.006479381345682209	0.004946075042724394	0.005806750796334285	0.005386754188486585	0.004898029555106388	0.005397093749093689	0.005331769647575508	0.00490930859186132	0.004797115685757751	0.0051150988687912275	0.005551609543502928	0.005598404368670303	0.004580337058551822	0																				
MG66	0.006426707305545198	0.006212136021907229	0.00521361654136327	0.006086041198785459	0.005672624072359574	0.005451393661967207	0.00552591167011552	0.005427537987929534	0.005987158848250914	0.005423119600093044	0.005370556085737059	0.005412364993827797	0.005274124497698719	0.005009630609306037	0.005032005387086639	0.005660792216782137	0.006477065605378792	0.0054646265925187495	0.005894160043810075	0.00532569145335491	0.005724761136157054	0.005348676041479994	0.004771252005224837	0.005413963981141914	0.005237092426271557	0.005801963727131978	0.00504542172196776	0.004831399464062648	0.005515484463169734	0.005161867728422999	0.006329465518274594	0.0054279978714323095	0.005810249243964042	0.005058689940265978	0.006215283387743216	0.005072034903289515	0.006370182502543514	0.005543100081757816	0.0050322466987461345	0.004712407821366402	0.005525356962457648	0.004926956499966423	0.005684587358974054	0.00536758582542973	0.00535835636857457	0.005254262171715128	0.005606206259757282	0.005435630409283197	0.005591297386125076	0.0053458485928524055	0.006157050416314514	0.005417632029967112	0.00623292114867398	0.0053741272062744014	0.0053477403144764546	0.006262912568895208	0.005425047806176835	0.005512363993445502	0.005391336243192502	0.005275311590466605	0.005927044037975855	0.006882318198899814	0.0053668943013339965	0.005602396490188136	0.005987501691319965	0.005079609243221359	0.005732024626867125	0.005648745060712257	0.005479465712708465	0.005175340502971695	0.0059319463190770656	0.006345944092792958	0.006357276946508087	0.004969862757066661	0.0050279572519579705	0																			
MG67	0.006945255353593739	0.0066536449754060565	0.006148763484939389	0.006983642981177947	0.0062197886146516095	0.00600918185313648	0.0060750862483475755	0.0062150417585128005	0.006810060425879194	0.006760048759934994	0.006326434092010497	0.006213425955725411	0.006754198385741688	0.006397121772461297	0.005904763108375661	0.006301651776100984	0.007436599952683171	0.006124630320967908	0.006765631150046459	0.006553469474691743	0.0060085260455525705	0.00629061875480711	0.00613229550568173	0.00625066924469699	0.005690647298284193	0.005969731996473913	0.006094934444682977	0.006101023844905932	0.006583909665555523	0.006000424666688124	0.007223876399690159	0.006095312133065607	0.006015708246069463	0.0062632012430712015	0.006998417022106576	0.006677072310253982	0.007109475880111421	0.006296125228393791	0.005956537824208049	0.005639024651528003	0.005562583089913931	0.005895051882676281	0.006330310595388506	0.005864863808929452	0.0061853403846543215	0.006370822883272768	0.006937819585726121	0.006433618386238857	0.005836262722470628	0.005997884364269324	0.0062064809106019015	0.005924893767555415	0.007023574935689602	0.006412985842399744	0.0061677353515910485	0.006681203483142857	0.006235998349114048	0.006038135418605808	0.006442698515906625	0.005935510631061724	0.006944077775273537	0.007373156063066891	0.006370164551636886	0.006636882844335284	0.006927962756491511	0.0060812225708222626	0.006575892902502417	0.0060091350950433105	0.006066349467907095	0.005950534857325984	0.006720181048808874	0.0067853158278296626	0.007152780219217985	0.005794766109343798	0.006176320027389681	0.005880179369879872	0																		
MG68	0.006454964563028271	0.0062424338652807216	0.005055154889490603	0.005385604658184758	0.005800081558672714	0.004964245303154923	0.005430850553889748	0.004739738983460944	0.005397403733071359	0.005648946399355157	0.0051510188622064705	0.00484741948440618	0.005764597356757385	0.0050403646771907265	0.005538845350323583	0.005133478892649314	0.006092460257422493	0.005065841118881803	0.0055582798242699944	0.005141559837003828	0.005114413048264985	0.005140992847057561	0.004937916103403466	0.005334872118104495	0.0048189726578373344	0.005389973155993509	0.005023529157002009	0.005247939799084561	0.00506119480339512	0.004624459507918894	0.006063696903712188	0.005523818450090053	0.005130485665994753	0.005094947886668727	0.006004411695090311	0.005463095494389744	0.005934999182357351	0.00503884236441747	0.005140138542998517	0.004960892038550164	0.004971627169918405	0.004863194460473044	0.005261324056770621	0.0055254472880395394	0.005109185177462303	0.004975243849303475	0.006348270641128395	0.005490634966425928	0.004973892978107651	0.005055823058053243	0.00557181115268484	0.005730077862241399	0.00576210561803081	0.005174618390453573	0.005196129692198767	0.005973917847551061	0.00509262368852507	0.005395271845802005	0.005298370865911434	0.0053590888811127745	0.005905152435000128	0.006002087277919045	0.004942513729669451	0.005779821721424984	0.006265869111848806	0.005083504994499131	0.005380722308340215	0.004813704612504306	0.0050871685480593076	0.0053892437037095405	0.005677631141416762	0.0060134960603575845	0.00577161431163878	0.00464456723525295	0.00523300244884935	0.005381817539090316	0.006322930407012381	0																	
MG69	0.0070107029150532785	0.006373059308051053	0.005797803513201456	0.00631972418643975	0.005805213872376616	0.005654862796304796	0.006116663907441506	0.005627032948307742	0.006001598353233334	0.006316016749179058	0.005724376398107244	0.005985757082613442	0.006114025407100772	0.005725740104134363	0.005151868119262008	0.005940338732602625	0.00657888413110767	0.005403372259377635	0.005924252790065007	0.005643866743125658	0.005739211680445123	0.005817703950590644	0.005680372525680254	0.005503574530856305	0.005627492152154844	0.005811902469370636	0.0054562296442590965	0.005621420797456654	0.005433137323685777	0.005375217038881471	0.006427317431914816	0.005796872651317835	0.006003207450358535	0.005275372782370947	0.006298463055758213	0.005952601223724342	0.0063767475607309195	0.005636606707203429	0.005517087494304839	0.005048645188530529	0.0049827168117458	0.00519207241882075	0.00595088138853318	0.005824640888874173	0.0058388657129192075	0.005323621543930031	0.006575335250867435	0.005910291942702149	0.005493021716029224	0.005851275127856647	0.0061832624533114675	0.006035866168410633	0.006249259590138705	0.005626686050741426	0.005593656827533682	0.006351694739559355	0.005516218617844029	0.006139489687129654	0.0056302604957293055	0.006082937792008645	0.005994252579138119	0.006617981991353947	0.005252061551477561	0.0055268194700944595	0.005735541723422249	0.005672602058868167	0.006306913570439849	0.005537504116165175	0.0053588430201001415	0.005754499055265304	0.006109103648455891	0.0060031297318842835	0.0066812473633019506	0.005345684246568502	0.0056560539499274	0.005589032922640251	0.006716979918757652	0.005611749025237624	0																
MG70	0.006431931590716312	0.005981519127670208	0.0054578756742284275	0.005660791016196134	0.005450943123159768	0.004943685294693364	0.0051113122437519256	0.005486819974243464	0.005536485179295207	0.005427797531586165	0.005419743257533681	0.00548531476734761	0.005623360326211981	0.00500333281600451	0.004787483726316771	0.0048992358305692246	0.006362051383304714	0.005530996354315422	0.005377666897107924	0.005533479712358288	0.004954458787669036	0.005580651054452497	0.005083010778403976	0.004961328459216566	0.005223931077930702	0.005466795734837598	0.005017891623365835	0.00501067666729347	0.005341797301657397	0.005110251111387634	0.006079820991684533	0.005132923459847763	0.005650439249406634	0.0050172762695673305	0.005581171335787238	0.0052444063041935714	0.006226611005296072	0.005444641577853234	0.005185575612459858	0.004796861610295846	0.00486986399038957	0.004658123463056055	0.005225116966017212	0.005143417654707739	0.005469073486567929	0.005228767976999734	0.005559755078870261	0.005466814752404659	0.0052432125489315475	0.005338961391878217	0.005836006556140676	0.005955062849611385	0.0062392437550867295	0.005344008641631689	0.005290406955933269	0.006536329235175636	0.005105857496678636	0.005206999975035657	0.005030445018769275	0.005182996189597405	0.006223202633282127	0.006384329814370211	0.005298450447236793	0.0056419000224700614	0.005846180485149341	0.005174837475782028	0.005431718551467221	0.005377909849444729	0.00530925567772894	0.005118375095102987	0.005907669220302536	0.0059010195821967105	0.006011730062772417	0.004647943473921537	0.005016398682614739	0.005158438161572207	0.005708513130569467	0.0054983838272416406	0.005928332343530582	0															
MG71	0.006674097051636377	0.006280457617647056	0.005848820383228231	0.00595745369560162	0.0054905606054741094	0.005225119749570279	0.005574289474135734	0.0053647145653114795	0.005727679128354049	0.005764239241113188	0.0056131581570754265	0.005327265874013031	0.005737892727964278	0.005521974131772574	0.005338380545992304	0.005361286096672988	0.006307816780716692	0.005222621159527477	0.006242828935672496	0.005928212588786389	0.005192827780142728	0.005790591908104922	0.0049048784221971484	0.005408742056360921	0.005349518865075095	0.005609472540874083	0.005431188357438794	0.004553168126374103	0.005240237023298551	0.00482975374770682	0.00593476067975161	0.005071919028290558	0.005113197149553357	0.00456462416451434	0.0059845702430210545	0.004792429717617587	0.00624242232201236	0.005038024761077426	0.0054039744337951905	0.004983111443990521	0.005069962137753771	0.004757871254345243	0.005376886564278474	0.005247956654207984	0.005048113733851419	0.0050095058365234235	0.00589423436555672	0.006231200157070981	0.004996077903212536	0.005669752698866984	0.005754686605547495	0.00613045244341905	0.006369556269255317	0.005549950657853077	0.004995113824875324	0.005964103519291934	0.005438993390396168	0.005545507510536365	0.005497682159442916	0.005613123790159863	0.006139006607829728	0.006509799254466787	0.005063942086147608	0.005599494010031364	0.005906226911746867	0.005207625290383084	0.0058588495987273	0.005284867677210738	0.005436987528988943	0.005251982248946009	0.0058017957004086575	0.005648497717579851	0.005978698424854275	0.004989387025668094	0.005010277294319061	0.0054712725060675335	0.006486196714104653	0.005469285300961755	0.005808786779248084	0.005590085051463058	0														
MG72	0.007471959484264444	0.007198053341513359	0.0071274928985208316	0.007232738927452522	0.0067850898705000265	0.0067017013108581994	0.006497004395026995	0.006302312435783102	0.007092346708640987	0.007404461877863679	0.006537974679792908	0.007071093959497918	0.007061793194090913	0.0070842461045007785	0.006175489997367685	0.006803185265003475	0.00769523058103005	0.006302980269410873	0.007160661493235993	0.006749985837457386	0.006621068348244826	0.006742502765193716	0.006785643835110394	0.006831215086553464	0.006674438321360374	0.007017716798584727	0.0063440999198476145	0.006559680143106028	0.0070112342159706275	0.006294214218801458	0.007260184592460232	0.006636984888702766	0.006955362579024442	0.006305500453644318	0.008000518906147886	0.006959184352972021	0.007625683438874525	0.00683713290659467	0.006924364811878848	0.006722645545808699	0.006668273733671834	0.0062482105446550066	0.007210120260179278	0.0064300317744627015	0.0065707552531632215	0.006632901446688939	0.007028164972259365	0.00679933208370707	0.006516547470334231	0.006994248729832536	0.00687581945969359	0.006835522328480708	0.007504124363979668	0.006837982483879564	0.006608032275811767	0.0073648249389339565	0.00629643992062946	0.006973229553286526	0.006765756674982451	0.0065337783154765456	0.0071629473586630665	0.007974925015668169	0.006677701884805789	0.006900901662351251	0.0065590623147333505	0.006058900215710405	0.006594668475920596	0.006715494301976663	0.006526686838437741	0.006016841938039704	0.0068189807165724824	0.0076142439749665135	0.007254576233440289	0.006585762182627598	0.006576947853072744	0.006568154286272574	0.007284107391664508	0.006821190311737533	0.007058222969694547	0.007054652608110248	0.006827156497601885	0													
MG73	0.006589238419184039	0.005406994392240382	0.005091738958013467	0.005487307997084425	0.005182524726996787	0.004932566659506643	0.0050788792175190086	0.005109440531651803	0.005573017959981324	0.005369798176444885	0.005385412797887357	0.004848265307283268	0.005464108390853137	0.004884593222267225	0.005030420909015981	0.005023546000169728	0.0059215006885872295	0.004983489528863666	0.005510279920499551	0.005124087881698705	0.004778328368589599	0.005312620032099151	0.004840869829684531	0.005242462616009388	0.005026971365652048	0.005450119930179829	0.004215248128122987	0.004729585481631404	0.004839086776154641	0.00450132541529267	0.005852691801923504	0.0051611907646585105	0.005509990906205704	0.00451130585179047	0.006230971752003498	0.0051298972567674584	0.0063990451860237284	0.0054345279925739325	0.005205420336711388	0.004902029980021354	0.00458815014651017	0.004768393282186652	0.0052558881270230225	0.00502555114266826	0.0050689740245590115	0.004813358118491648	0.005429699332896428	0.005817520003576877	0.004944891616213193	0.005096407525257502	0.005953605784042458	0.005758580596401297	0.005996811195566337	0.005194507531349437	0.004915643082906454	0.006048211031492269	0.004862495361788078	0.005684596134296709	0.0051178085744004054	0.005315548914870882	0.005696614287727496	0.006388047408709085	0.004656106942337209	0.005582445709147854	0.00541669061287985	0.005091256497827307	0.005313324217775999	0.004751851714640618	0.004750363980736326	0.0051289186012806525	0.00552769624476113	0.006028363141894314	0.005794623912489837	0.0044576973047023944	0.005073082581278029	0.005535429693247516	0.006094831901685054	0.005102799084099986	0.005676297318228467	0.004904977519308196	0.0054166221931975156	0.0067508450901042185	0												
MG74	0.006139474141725696	0.005962128588418226	0.005182732694398557	0.005439421426441055	0.005589331417161077	0.005010187263567566	0.004917829628273907	0.004969049953969601	0.0051228930005058635	0.0052921392727995975	0.005232420440009419	0.0051075417474551145	0.005633498457539715	0.005119567495852271	0.005073643858465834	0.005352372259823156	0.006254271127572381	0.004897675923750281	0.0054243745587377315	0.005185034423527431	0.00514198195578273	0.005397398138573713	0.0052004101147161	0.005158388752084764	0.005156528505998168	0.005456887215258226	0.004598263740233115	0.004784877028688521	0.005365937884526748	0.004902506744387465	0.005551705205174799	0.005250763948702711	0.005389659809436969	0.004469189068095775	0.006054521210235759	0.005207662050787711	0.006166292713833344	0.005223554577986384	0.0051837832451627165	0.0048950388224275184	0.004969579715743892	0.004966206318708955	0.005154616888107448	0.005476650607442377	0.005158901388284262	0.004659812567365035	0.005655680175326063	0.005935632427360568	0.005281706644389188	0.00539490864133666	0.005697658886667617	0.005827361683057624	0.005839781488820607	0.00509698216489083	0.0048658701745917755	0.00559715381143162	0.005060877793695254	0.005084175460834008	0.005137239381991765	0.0054865105142551385	0.00559181940329635	0.006067054147975335	0.00491694396302875	0.005647967543459852	0.005447746438641902	0.004996386705693857	0.005127818758076792	0.0050272660215481746	0.004934243226128064	0.005076756046919923	0.005699130055338308	0.0058476216333620094	0.005765609857563551	0.004789709736354423	0.004828274039627565	0.005649237573962951	0.006464996774459063	0.004940283590201784	0.00566509459083593	0.004960671124917079	0.005487931208105694	0.0065339886940704904	0.0046070719327239796	0											
MG75	0.006894276714311892	0.00605731269159172	0.0055047352631120705	0.0064254000707271415	0.0059141767721618	0.005267730692277319	0.005488271073177996	0.005370956444619397	0.005398845602592647	0.005558491857610051	0.00586836084455982	0.005767550015319974	0.0061154017567159056	0.005537661069382825	0.005227847000672953	0.005805641227140253	0.006211700941947371	0.005651128394301043	0.005683890468804599	0.0060035567707164275	0.00560659984126706	0.00589689890777362	0.005294148501114055	0.005486379887387985	0.005165171613453354	0.005319232473693629	0.0051953272918548316	0.005196064474805728	0.0056374755367729745	0.004951731718696665	0.005822158257450831	0.005099033631017013	0.005560470811872267	0.004751262721410839	0.006039108265553433	0.0053878841482231385	0.006945241987650703	0.0057677477455272165	0.005964246843332032	0.005114898712710667	0.005700630318243847	0.005279772635843879	0.00582159114449401	0.005362217036358587	0.00529041363297153	0.005243711592504107	0.005674624492643564	0.006073923987062736	0.005117840260246591	0.0055073247150847614	0.005758203984204307	0.006253193004016476	0.006248740218929577	0.0056018447180533545	0.0048334562368767585	0.005995477030257289	0.005050548138569483	0.005529222797357049	0.00531733644504137	0.0053783138294692355	0.00602447360416789	0.006543752459733433	0.005183900360143289	0.006019860452980126	0.005573073190974113	0.005248751745694299	0.0058887554346931095	0.005505418359241002	0.006042939696631194	0.005033090222140351	0.005690903994586641	0.006311425764403703	0.006585685071739492	0.005332405456617499	0.005059943027267662	0.00568217948492971	0.006401473025136781	0.005613730446755794	0.006205993810842687	0.005515569465631691	0.005346947624494052	0.006604942374890633	0.005143065407221359	0.005225658105001605	0										
MG76	0.007054696452835556	0.006171386635452894	0.005805839091164318	0.006380944301626726	0.006063694929239396	0.005157293027267943	0.0059661434822615616	0.005582234317639947	0.006114677702752845	0.005504784852742242	0.005825854853832392	0.005581084086118564	0.0062932622375632	0.00578097998621936	0.0056327009795393125	0.006007600341449546	0.006434824236877311	0.005341546320611168	0.00647104078206643	0.005775015006308211	0.0057741407782723984	0.006051561735297804	0.005656767707632899	0.006083626266324752	0.005570580037648749	0.006077365634457977	0.005846899455841911	0.0056986074879955715	0.0059353680240240335	0.005426331371313637	0.005959242133059756	0.005786948097595353	0.005803576068279735	0.005513749962155289	0.006819369594514032	0.00591827398398488	0.006797399264896019	0.006038979344610556	0.005739922980985147	0.005209613939272024	0.004987088189443205	0.00540392518623238	0.006118966852679449	0.0058155941529077675	0.005610641801400907	0.005331734608724347	0.006060852008104694	0.00611464191873968	0.00541388767143587	0.00580798034264098	0.005558081001359793	0.0065178356593689	0.006369964080049062	0.006256645798202506	0.005481700860084495	0.005782837505382031	0.005396405711333149	0.005958151619796014	0.005708646301162115	0.006311686995769323	0.006204537096591491	0.0066961332138912085	0.00542469745573336	0.0058573144850771735	0.006092639212818448	0.005428754507278994	0.006034904038061953	0.005859993460444155	0.00571767093255023	0.005937723343732468	0.005876916859886873	0.007037846690681473	0.0064398921361810526	0.0050809797985162065	0.005241481888495968	0.005865028546667391	0.007168757499824718	0.005572965812482772	0.005648489791114955	0.005840035451492854	0.006006284122489059	0.007134211117549343	0.005700136778106993	0.005524423326257104	0.005935734406086021	0									
MG77	0.006657605478220645	0.006146812190741203	0.005793528838416388	0.005872032251341467	0.005464402329954051	0.004983061168695054	0.005339783688741684	0.005145860939576314	0.005761407686856275	0.005485462302463497	0.0053712602364439435	0.005080179806573895	0.00545973984445709	0.004999521054772955	0.005264872989958924	0.005250565950633804	0.0064291716196350135	0.005186931185283364	0.005892865571034635	0.005523482562621245	0.00525334167524422	0.0057397753832788174	0.0050437732943287815	0.005179867953282707	0.004850191252530584	0.005070792484470793	0.004988106223232358	0.004888980902788567	0.005101895784498778	0.005158367231700108	0.00597248087820069	0.004905544691285744	0.005016753075235877	0.004862314901424937	0.005868177177480223	0.005222079958019128	0.006513816725992939	0.005256628475695614	0.0048129758053979425	0.004722457198500306	0.004863083190052386	0.004806212689932739	0.005828633234179065	0.005174557152990807	0.005418104240402	0.004787088348535997	0.0057466403881005984	0.005618407251235478	0.004835245300978764	0.005644299480125315	0.005618266968209567	0.00543849140063877	0.005932479377550325	0.0053514036825915295	0.005273416191185328	0.005989086261337198	0.005111690161880414	0.005255653213089668	0.005107629823181593	0.004775850369927998	0.0060794454754735374	0.0063500682864902225	0.004816025821767486	0.005953232390534523	0.00564474286119964	0.004703565533564116	0.005446160696984574	0.00538303563811744	0.005351198771896641	0.004601634364245954	0.0053906855088950096	0.005455575797697796	0.006359093293332379	0.004968190309946443	0.004780481110586129	0.0053801595197218695	0.0060659888038098655	0.005407417854509116	0.00567906605866392	0.005150880695618416	0.005079641193617529	0.006454447098202574	0.0050763314371928565	0.005374450295816561	0.004904060524840728	0.005698975284780785	0								
MG78	0.0064578876063845145	0.0055420021901416644	0.005442026974183635	0.0055333374795645054	0.005291381581757856	0.004871105167924903	0.005040698883396186	0.005007056145464553	0.0053144884583297	0.0054855961773460655	0.004746661661941634	0.004447708782227349	0.005629329873556843	0.005449856340692299	0.004889813177783445	0.0047184398532951945	0.006109038837490645	0.004862794857251072	0.005412704631089254	0.005119273583471666	0.004911124170972176	0.005188405143647781	0.004891188369928247	0.005028512719604413	0.004873595158129121	0.005348335080724004	0.004941007424163439	0.004589195654699949	0.00540066735239331	0.0041755601684645175	0.005710080333505268	0.004953498036092258	0.005115255379861024	0.004818069874883421	0.006106733405558688	0.005362730360676427	0.006418698755944333	0.004743706461015392	0.004987327142445235	0.004875210232869144	0.004948721050798363	0.004496452546872237	0.004956302117521361	0.004776058097411872	0.004702947209141405	0.004757883701639011	0.005512211529557126	0.005515557747745492	0.004558533239218866	0.00530773021718522	0.005028601047157452	0.005464550049098653	0.005519642572432735	0.004992280889505742	0.004793758326514636	0.005506037924148635	0.005084415757004898	0.005226217687369314	0.00482044526011072	0.005340993768346567	0.005812725527820862	0.006550483030920047	0.004386699398834963	0.005741219513751191	0.005427436923225054	0.00479524171729401	0.005474550863370167	0.004893234209080922	0.004877805920952658	0.004425426837211336	0.005464635850013079	0.005831507256803353	0.005987219557077863	0.004376644135048471	0.004658948281158913	0.0053599897696013825	0.006342448642292117	0.005146632717014545	0.005401720964346809	0.005178263340127993	0.0051942847835852735	0.0063826277242281905	0.005096586553925846	0.004907921876938486	0.005356976648166903	0.005561897393061235	0.004689772694265074	0							
MG79	0.0067255622590906205	0.006031835814606634	0.005965295845210293	0.006145925555416561	0.006163280779250119	0.006008898741565846	0.005592496251725521	0.005249271653747014	0.00607532653714201	0.006208480782659721	0.00607329451773057	0.006044990038980659	0.006058530354113974	0.005765365167193378	0.005270236217792953	0.005697559967676635	0.006753877469053171	0.005548700631589607	0.006208447238504217	0.0054470967941420735	0.00546206241087582	0.005528680824203616	0.0049889741437308885	0.00565155058626757	0.0059371285805100635	0.006396304487744514	0.005437172337130709	0.005547558832363804	0.006137545071995451	0.005561000150606686	0.006544780148674842	0.005233292632025027	0.006023002742289386	0.0055094233040490406	0.005996432427668832	0.0055594921045534935	0.006303212849359671	0.005985466325659373	0.005912384302120857	0.005568024361039888	0.005606077787790825	0.00514717597676729	0.005906241246818638	0.005743594889170214	0.005656988204698533	0.005500943275386298	0.006039895575466498	0.006408931149663311	0.006255964656253351	0.005659019833098628	0.006020050920320884	0.006135451066566198	0.00672722492760014	0.005283494901303494	0.005652903330110812	0.00644780363382175	0.00567738803905159	0.005712496368915161	0.005599669529833389	0.005885711458024661	0.005948572621746268	0.006578352596930795	0.005257415282763228	0.006114315881327363	0.005362046769713687	0.005308486020890536	0.005833771060979475	0.005411823855967053	0.0056582146197789816	0.005536451329255064	0.006105151941065765	0.0060538540076747116	0.0060022453825870625	0.0053334017475236885	0.005408429556691758	0.005712649902528526	0.006303116710119109	0.005777479836020037	0.0056472575852884776	0.005160702198849077	0.005861953989444677	0.006830589532451098	0.005674353243760587	0.005197091746689302	0.005749746656584053	0.006203340381290176	0.005855423330924678	0.005682219064130946	0						
MG80	0.00592202037301465	0.005369653373009483	0.004998536956036404	0.005645355734005972	0.0050894616865833535	0.0046382452860037485	0.004697677897497029	0.004655883789615468	0.004998014124775851	0.004948307756988498	0.0050911529570523565	0.004732292412796338	0.005692168475604716	0.004875094401259083	0.004587172578722949	0.005163319954153313	0.0060933881902003224	0.0048386876766489395	0.005394297920360539	0.005056766090664358	0.0046765273549717636	0.004900175326414905	0.004497793910296097	0.004963866952137143	0.004526149463432286	0.004900855648713499	0.004678417996935254	0.004576938401112897	0.005261209839550135	0.0046038242439251685	0.005901688951451544	0.004735944565873683	0.005347378507348643	0.004400396729400198	0.00582850761847901	0.004850442427493871	0.005997561329193935	0.004599774976838577	0.005182533828795615	0.004397388134648802	0.004615837952234163	0.004487130209125928	0.004977169050421803	0.0047256935782110385	0.004618100515419553	0.004524759792456707	0.005496508327493624	0.005346499162791578	0.004672529570072975	0.005307799388029169	0.005073751768512679	0.0050954095481291735	0.005891040186732967	0.004610374526809957	0.004815580155996481	0.005622322898288354	0.004637581254229314	0.005161669732026624	0.0046055531698308925	0.0048716258126704015	0.005526532019865587	0.006375276166059371	0.0046339074724906365	0.0057572390395784585	0.005607822809704669	0.00455912726886012	0.005679427823168049	0.00478069752538049	0.005107235885429471	0.004524982122832656	0.005333424292990216	0.005883557454226648	0.005654042823055673	0.004377111605661607	0.004475557680270657	0.0048890693244370426	0.0056588751002274425	0.005066658901815993	0.005783028733946201	0.004648319936740424	0.005091362513263094	0.006183381288647321	0.004796275219892509	0.004669325381487252	0.00496393526055289	0.005531221816673564	0.0045826927656742325	0.004535751415161575	0.00512742371254139	0					
MG81	0.007210911676089896	0.00690428257403121	0.006278983107275305	0.006892895698222156	0.006239683126247105	0.005650158367124262	0.006160425482722107	0.005973781744282478	0.006189373772580754	0.006790617419154403	0.005682067876501348	0.005981871509363393	0.006524607069697527	0.005795592155439209	0.0059202300611226446	0.005845904281950176	0.007252899100427555	0.006060382177807473	0.00645800090215444	0.006836030030992061	0.006049955112909181	0.006142999000576691	0.005899911358275655	0.006077463916819052	0.006250980890843501	0.006369406153898107	0.006021277669611959	0.0059053025019963346	0.006196412897549543	0.005656587148444226	0.007004791289161394	0.00588159323211076	0.006125165604273737	0.006302363805832714	0.00669610080277612	0.006261399286958983	0.006795828669471033	0.0061712059416855	0.006597845310743667	0.005617967925476685	0.005776628840220956	0.005766317586363386	0.006723673334565613	0.0063421150028404915	0.006374401208397782	0.0061905703725749	0.006651274544864774	0.0064115352363048736	0.005757082966812238	0.005837495660748188	0.006385936629351558	0.006521603756252102	0.0068456318239531995	0.006063736227058375	0.00625966984340073	0.007087644227237476	0.006021396052373039	0.006706291113626195	0.006378426224279193	0.006753914991148423	0.006513029792108885	0.007259399277440593	0.005663265620896338	0.006347580893907948	0.0067219637023121755	0.006140019768503648	0.006377298213793209	0.005898902585788915	0.005942675121791823	0.0061742488410298415	0.006738245391698653	0.006602910440031028	0.006895862655976096	0.005826590330957584	0.006141062713211125	0.006076086664061026	0.007307939214840431	0.005818323247757554	0.006124112500725362	0.006387032593780473	0.005760512903473171	0.007350467614775857	0.006112636475734571	0.006223187395781838	0.006401082235275616	0.006848433722575368	0.006223456679230533	0.005890597776044226	0.006160021939683721	0.006323727908164639	0				
MG82	0.0062057763402047685	0.005968773680151488	0.005387715549326896	0.005744676044768187	0.005085994750602727	0.00510314324768411	0.004966273471726605	0.00493171150995363	0.0051654968775760556	0.004858623137292395	0.00515944831453624	0.00459573612836595	0.005211375189210154	0.005135772649555545	0.004821473022405206	0.005165125392272843	0.005795297512504399	0.004780135508390204	0.005597173775206329	0.004940969547810438	0.005409693925418368	0.005391692086905031	0.00447615573536595	0.00512861245074321	0.0046902852036901236	0.005334731047747477	0.00493382274901481	0.004568251774192605	0.005366026178072091	0.00473137690682747	0.005520210738997927	0.00472197866665153	0.004875207442467261	0.004424568498667569	0.006069532625296254	0.0049257977710867535	0.006279546631246635	0.005028051928548179	0.00518626730483045	0.00456929277925177	0.004780293633986358	0.0046662798347460194	0.005084423463128312	0.00485014545814322	0.004873755070439103	0.004910703694252435	0.005752465634001257	0.005483846482564745	0.004684381806976648	0.004894375005534178	0.005692470299721352	0.005373166468537091	0.005781044185552119	0.0049959546222798955	0.004898467040722386	0.005889375253429741	0.004775501336682033	0.004912414847282623	0.0049118543084558375	0.005070006742886248	0.005474342324485681	0.005997800383589565	0.004693171043752352	0.005286757786313777	0.005397330470031591	0.004843267455728277	0.005796280012875019	0.004971355631027341	0.004627150038820656	0.0047069636037931056	0.005354374233262468	0.006101795661293214	0.006399191051849534	0.004479507390788458	0.004624300443195762	0.004872357513653925	0.005929428233426934	0.004723340346488082	0.005455647563686856	0.0049096919643763556	0.005241283332084425	0.00641029318362886	0.004861454924953516	0.004644589270588976	0.004974471310018378	0.005610314942932162	0.005327161125814888	0.004677595189920133	0.00539057083598862	0.004215097481191123	0.0060507988445814625	0			
MG83	0.006880412590374466	0.0061309749406537285	0.0057359953832444195	0.005934016136340726	0.005353288282379243	0.005102739366749489	0.005618107105261335	0.005198487856168395	0.00544685893771237	0.006296350868765171	0.005697024937699937	0.005395579836614755	0.005572226831943756	0.005394310454135786	0.005416538266525557	0.0055446655160407065	0.006064800283077777	0.0056677830287072215	0.005778143412097146	0.005629717905746205	0.005529359389273624	0.005326016205231727	0.0052107715674680425	0.005695059920960759	0.005253243516145541	0.005826654167045075	0.005310523561375622	0.005042459627237291	0.005068744693090199	0.005192300869839044	0.005978232141881962	0.005463583054601519	0.005748831201211665	0.005240900062739233	0.006259158313078153	0.005147506132827062	0.006411288289299391	0.005192103090113582	0.005464942915645818	0.005015672643734638	0.0051639978557787	0.005089179043907297	0.005624177381495223	0.005229492234511912	0.00563708770639284	0.005082067759858089	0.005987546894402361	0.00570693464368544	0.00561657112821978	0.005568298716761828	0.005469097460244193	0.006046117559664547	0.006032438235633758	0.005723896494924054	0.005208819811564157	0.00630010276310812	0.00467471302351352	0.005683172237783239	0.005142379631121624	0.005375073985222554	0.006136025344191654	0.00650224269201196	0.004764206908342055	0.005662089311046024	0.005858573596383287	0.005647680244741559	0.0055440851346852185	0.005445447473216502	0.005423233146649517	0.0054651934888744315	0.00583193119799039	0.006010132131413831	0.006421157456971307	0.004975569618592223	0.005125476252234627	0.005738030313707864	0.0064574005926431085	0.0052939722643588006	0.005978910039553062	0.00558003936755173	0.005543268455413172	0.006520973244996801	0.005319043268686808	0.005395430864486285	0.005699135325960833	0.006010494970195967	0.00512796849925176	0.005240430010613575	0.005809602021066572	0.005190850021514563	0.006302677839734834	0.005122149015286181	0		
MG84	0.00700690811667785	0.006428195655927225	0.00592308329616373	0.0061750407313343305	0.006390990514731722	0.005446129832114025	0.005855538514919788	0.005532410285430515	0.005696821646479129	0.006312175391515274	0.005751045912226746	0.0060228401560410896	0.006162008366003169	0.0058695052631249885	0.006044278681697858	0.005981430810788959	0.006689624577439197	0.0054700409828558625	0.006811518797169557	0.006269935421360172	0.0059526491649567696	0.00587748965036729	0.0058339483971136235	0.005787948450998688	0.005746949403201715	0.006166506027408099	0.006040994413202107	0.005665938712584025	0.005938712948921898	0.005531012163535058	0.006507120514560503	0.005773249758254771	0.005712165028653887	0.005655686018882123	0.006482008203792942	0.0057989698372382355	0.006572908016303387	0.005505874318095125	0.006077118919961852	0.005372571057340409	0.00602630088220376	0.005330870185746495	0.0064106402735970985	0.0054690701479245115	0.005454357259736791	0.005274997878409228	0.006141801241686994	0.006074478131771365	0.00566463720865196	0.005997280243689806	0.00569231673826013	0.006701928025259471	0.0061438094533329	0.005716129072360354	0.005609735503039942	0.006581437651701403	0.005432737154261213	0.006190293911332267	0.005477706398706381	0.005565258355369881	0.006133413954009501	0.007397750095264829	0.005491199052078011	0.0062776856012398755	0.006390396773675226	0.005716139996750956	0.0062691570802590945	0.00611220012224785	0.005910294306742313	0.005963546477533142	0.00634453772151316	0.006157224967462122	0.0064839056447713594	0.005315850422367823	0.005466502808604214	0.00570645303708255	0.006657271033608679	0.005803472211075669	0.006247412960372294	0.006133472416568698	0.006016166691816266	0.007175725327160574	0.005866307543104007	0.005746097307094364	0.005752467068369866	0.006302044995468703	0.005531774579136704	0.005734758993824308	0.006205309803375221	0.005715804898071646	0.00672175519768314	0.005576790308686312	0.005584092227576248	0	
MG85	0.006736385080973989	0.005713006427167727	0.00607585434300716	0.005795562237958817	0.005429169747230947	0.004785039093549857	0.005670706509484948	0.005297614126884837	0.0056393391298192345	0.005588078449231983	0.005357275033838368	0.005203832567624046	0.005921527122076213	0.005402728046879659	0.005163359253993572	0.005637078365169494	0.006304202432484849	0.005002357008129506	0.005980349960615888	0.005482150863465459	0.005313690945223909	0.00549335204133774	0.00514942093787925	0.0052396696090497635	0.005171617904102475	0.0055019126363088245	0.005221860065724295	0.005125530967608076	0.0053114536832860925	0.005052893249792001	0.0059563202300921955	0.005377716082027655	0.005617863899620902	0.004937158483252724	0.0062933583964871935	0.005302554459900958	0.006285029001490723	0.005258263980207155	0.0050775866222330865	0.004937514360910049	0.00519114172964286	0.004698529483372391	0.005697462246781278	0.005143906918238889	0.00574271104419452	0.0046395786514084126	0.00575343764194714	0.005789976544861219	0.00532476553441866	0.005356947177985281	0.005277632276238989	0.006298225665271867	0.006068116950211998	0.005160621261106332	0.005261760938999743	0.006207798751067455	0.005341022563298929	0.005406734520505984	0.005272330397063231	0.005192641284932312	0.006434161873386431	0.006720909910042421	0.004885522924799916	0.005684687026814583	0.00590513795807691	0.005301369719105335	0.005483330309588783	0.0055961301815511295	0.005414777574964657	0.0048893298757085885	0.00539796523545395	0.005755208984206872	0.006271561943697375	0.004622257463294773	0.005167822346316642	0.0054508377103936415	0.006247547654063276	0.005411544918267343	0.005074203714640284	0.005107548433062343	0.005215268019679838	0.006644031141885999	0.005317841375933465	0.005188316115999901	0.005879213008241862	0.0056619893831438275	0.005282350907273861	0.005107790115923235	0.005492363404754267	0.005132851732722163	0.006196145319524129	0.005320245956264025	0.005317817128049081	0.005787598224163238	0
