PathwayName	L1	L2	L3	L4	L5	L6	L7	L8	L9	L10	MG1	MG2	MG3	MG4	MG5	MG6	MG7	MG8	MG9	MG10	MG11	MG12	MG13	MG14	MG15	MG16	MG17	MG18	MG19	MG20	MG21	MG22	MG23	MG24	MG25	MG26	MG27	MG28	MG29	MG30	MG31	MG32	MG33	MG34	MG35	MG36	MG37	MG38	MG39	MG40	MG41	MG42	MG43	MG44	MG45	MG46	MG47	MG48	MG49	MG50	MG51	MG52	MG53	MG54	MG55	MG56	MG57	MG58	MG59	MG60	MG61	MG62	MG63	MG64	MG65	MG66	MG67	MG68	MG69	MG70	MG71	MG72	MG73	MG74	MG75	MG76	MG77	MG78	MG79	MG80	MG81	MG82	MG83	MG84	MG85
UNMAPPED	159519.67825647444	101187.5240993686	88685.17334572971	143275.61676735058	74183.24995553121	91539.99163536355	54447.97522388399	141151.17609733716	125304.39184047282	156998.35986597463	62917.42320172489	128174.74690964445	147148.05600699037	119161.67092509568	51354.191831778735	52839.41243542358	129815.94626791775	142265.8598399721	145365.9574338235	141765.64218476415	101378.87553777546	85183.65419004112	136218.77944096923	130870.01516949385	129201.35780936107	117918.62862650305	109837.28089137003	84001.86612037942	84914.25409680232	94152.6860697195	91036.78620886058	152881.7796963267	58488.30539966002	125864.78820070624	59921.34649772197	140422.54542931914	72335.75336169451	102113.21651702747	96098.20022247732	56707.53587735817	136408.1357535906	87534.41929118708	104598.21601165459	122360.91571860015	157752.55421642214	118812.37833760679	91692.24795652553	148428.8460854441	58106.18764022365	103524.73622653633	79701.75115391612	87509.50698275119	127088.93852774054	132738.35222236812	53584.98097863048	142398.99079315364	53748.84278513491	100992.06298356876	139550.22480338812	132145.49975004047	156055.42748700827	138777.00883662328	54851.93510306999	72883.5983062163	122054.91018947214	112493.08297643438	99747.62693978846	76034.30973133072	124338.64562073722	122480.04639521241	125590.52074328065	113571.23496709391	117027.08510449156	129902.80251950026	154579.80282371864	126806.10411800444	140610.55122874677	104251.75027921796	91122.2003097646	129280.81847028807	86539.11104425788	55098.94289309159	52722.64294791967	150312.52862652764	149265.16593433917	67427.847168874	52811.35976314545	79124.81540581211	139407.3869357817	106564.05921559781	142255.10980002582	58315.85881533101	83252.50688940287	149340.53138829768	151844.8732048273
UNINTEGRATED	784918.8841297291	775747.3750505596	835249.6387157589	730399.0493156016	815448.809505906	728731.4676702954	790861.5040406585	765660.634257365	848064.3307510763	826764.0011454932	736588.6477800086	791594.4874007255	778176.0653550737	812340.7017253339	793898.0651833117	788391.7703572661	778371.5513674542	820345.4726445489	708618.9052066766	744001.2311632745	835617.4851418473	710785.6237934902	847803.8538969122	746718.6821834184	822408.0533860251	754600.1803549007	749625.0677341595	811255.1550357603	721839.6433349699	852518.5743276961	721168.736689724	860546.3576433249	746340.2232038788	792743.4339257888	806677.4150379933	729121.7051469721	767273.9188349806	845073.8004571758	746051.5957185999	825354.3626423925	759453.2190239988	768181.8241463043	801677.8897959739	856790.2221460827	833721.632566303	799137.3963886872	810036.3439158536	815419.5342538878	707290.0323593058	859358.0259941518	841738.2685467601	719207.2743806057	774810.65972475335	805120.8375091664	823433.5156017914	765707.2082790546	799991.9643579051	816362.5001255423	730526.4129000716	846926.3072940521	708050.1582962461	822079.0737285279	855799.569664523	747810.348959174	827960.5295485817	760341.8695018627	792420.4435385764	866272.2986936569	856342.2411866486	808554.6906082891	786492.9436892271	702987.6973084174	855524.7994419187	844510.7331336476	810682.125557214	740400.8918185718	832892.1483573504	778664.6236642264	708404.5092319138	716192.0206341892	742986.7273615673	862675.5105354823	754306.3359870575	839425.9614055045	719230.8190255426	766315.4417206533	781114.7147766314	720952.254072763	840968.4066218324	762480.163872242	869407.3081994429	700367.616142612	720136.2296915613	726318.9715030603	731785.3438504972
PWY-6737: starch degradation V	3274.5303361446477	28364.716766584403	60703.23213598825	16894.951461905483	53063.91225833679	1684.8370693837908	1963.9045279473066	5912.409401071533	1635.8470683917403	9608.260523107769	8104.418639279504	57252.69183180429	8383.274059322597	20845.1782974996	2427.549888379872	1296.3294431368686	548.7350152748476	13184.848129329208	8414.69583990884	4037.6942604780197	3285.197764635086	3538.3186225397544	26645.98854132629	20763.888395482547	3767.789783887565	2231.218642555177	1.7079163607912127	5319.226845167577	13451.831843283895	8672.090870839478	30927.056519496924	1111.3227607054719	5492.120552808046	10147.1885196389	2839.9789659306407	1485.7775689387352	25537.674508506974	8999.196188104273	16022.477880458802	2262.690979987383	554.1460821405053	3573.3979597445204	2721.9578297808766	5642.8894912824035	1076.3949854299426	7385.751856070878	1663.0995878949761	11295.966039922956	3800.002634525299	28615.83298920368	30554.591937172896	7417.22275856821	12058.54763234866	4728.9249796777995	72725.06694820644	7534.65341391792	3123.620613478124	3204.2377116158605	11247.846083295468	1574.7180524533394	16637.701457790947	9193.682027560593	13655.0537026943	18963.16565489197	3613.651036284864	825.2290636301041	1174.916634336114	2587.3409157110987	11589.444999207853	8148.2000755076115	6930.823824368417	21410.12428477214	11717.503647831205	11756.487041291717	2710.378337651491	192.7211880683899	2214.513053186238	9372.574807655932	12552.149407145504	30264.094452952115	2403.2306810840964	4248.296795412898	4025.820401153511	23270.709821104432	5260.050302620291	8377.199015801485	6277.778544463217	7544.004992760251	10519.408769485477	1290.5779806897044	1017.3233691602945	9732.361472723009	18857.302143329624	1049.5245503261685	18960.216541970436
PWY-6737: starch degradation V|unclassified	15110.55659531552	33912.25501726914	13334.248438057426	1293.0291192606091	9735.778007192532	34712.313195848175	8981.01715594785	14654.514323079828	64932.124964092334	3696.525660343468	26911.119202754264	889.0606556087732	12923.451866534475	11708.12425372414	15524.027905518058	729.8940334237896	34502.48539279748	8624.688954603793	1118.7229678034782	2822.5937113165855	9814.450572756054	49619.781065680094	1413.3520796895027	6688.451394438744	6002.970701083541	9936.378918933302	8585.189356979849	20643.7103255632	2620.431547984481	8586.441569792023	850.3175952084034	16915.836108634718	2711.724191904068	16771.809346133712	9208.105941814305	5804.126899245773	6617.934480309486	40137.274240267965	16328.482114623257	7453.453708019973	9104.263204661132	7141.715370185503	22808.600159964328	20534.721071923024	6758.992923423648	14697.447618149235	5214.87956866622	2260.300647467375	5518.027418287958	6049.649347551167	8548.946175859019	20857.852230450873	24169.112163266902	1494.1501050348343	6771.947629749775	34656.90389107514	813.4545548222355	11626.75025472397	22093.89498331285	3407.675987109542	20945.558740258748	10313.576012429718	5591.217055916786	1801.6970335129397	25262.111666283374	3025.1183547079563	1000.4749661311507	4499.852764420211	127.73010202315933	21838.57558076222	1362.9761477932334	16095.849442386869	5433.901832439005	13855.727100324753	5121.489758603275	20198.587588125713	3660.694660042802	1323.169362731278	1110.3538013505342	18077.472056353334	8379.363510637699	8305.666337308521	19710.778220647815	2901.8235858529806	9522.59404146165	23021.793196580176	15990.342420651246	174.9014761298895	15432.92889287496	3540.4900020986406	23055.562319836383	9856.47748182428	8798.443665307881	7694.810974492819	3737.2637167572975
PWY-7111: pyruvate fermentation to isobutanol	4937.463053502142	11861.87207656813	5576.4235416427255	4039.923236705363	1476.1778712272644	3436.5002950653434	8381.118224513652	4689.14528769646	2622.9677368434022	2401.831247843802	6190.40890596807	4296.449152752757	512.3008927330375	11215.184507471446	4657.939146272838	18475.99226897383	3701.508338563144	2375.309276394546	13836.991656151537	18229.110277349	273.24314694851637	4101.734668947756	8048.781976895184	14316.110590338318	1024.3378952145576	4563.450529240072	8484.137523499252	18738.758935684207	1251.2272549793124	3415.153664536774	63793.72631917073	13046.64745884848	4008.7447222322226	14387.329145693493	6986.382379707815	11152.89987022889	10141.01671024604	3658.5157131776214	18023.58094223029	6891.858438029885	1420.7190038043302	1217.0307664200664	419.91950012743473	2452.635308727622	30984.82861300759	2815.0850660751125	9321.637153205396	15460.967550552314	20968.321260185694	7049.378193494798	3528.527137823403	30637.014739453913	28629.285909989696	727.8318190947175	14344.382891202758	8884.01231724594	12353.352959779028	2538.8100311143626	16675.594857985023	1848.2745299115777	30457.610560763365	10586.057221096877	17323.99089177871	575.9646889606619	6787.876076996326	17658.949027860406	540.5439511725813	24374.804943139923	5071.305222809315	10267.853773710254	1923.5628720738962	6059.153312817216	24591.20521195865	1992.9213868454099	17959.148026162628	7980.441285646964	3983.484599739313	4471.220104023814	24029.348696253066	7407.185202044369	4935.760572552681	30004.781482923514	18331.665787005666	19815.07375752354	18729.431982243303	27372.51197793222	3524.869210086763	12083.361260172847	395.5542016774416	3403.9646992459893	357.614504173398	9174.925069835903	3935.303185135126	8541.432533931196	668.4783240780234
COA-PWY: coenzyme A biosynthesis I	1329.9000775441527	33.99689216166735	12182.352717924661	5554.488026537001	17360.11307602549	1324.8130213469267	5277.414354495704	4124.972117133439	2124.353665858507	24213.770943364863	21302.055137834315	662.83387131989	852.9551839455962	12801.193920475367	1171.6652262544906	13443.859219130996	3346.63697052747	2334.14257876575	7139.522945088269	3499.0728180855513	18904.773536229375	21271.681504926448	4458.21147877723	4520.618168595396	2385.0405123084784	14110.600708331915	11992.48393169421	9355.61517157706	23514.010737321143	127.33582407236099	25248.621533295875	12090.914016169432	1657.550698146224	801.9178546965122	1802.5162251349238	2223.696808557189	26626.7931634996	17031.134794557336	1279.4364104047418	33577.485604393965	2.007787509378984	10210.713985887292	949.6712917461991	709.6818601712584	7506.231311288597	11709.678508110108	2205.738751217723	14611.819143498185	15689.127264778055	8352.700154808284	19087.81766807461	13206.936018121365	1530.2957920357585	2785.142324270694	257.9071978107095	12123.01635141385	9931.248360824706	4080.849508754909	1897.3681749776006	293.5101976618171	10850.101559934143	8113.55755622399	3142.792168073356	8274.960424330951	4831.304303370416	3835.9873748117125	1249.7855443507433	1608.5404623299837	18449.59862446213	3340.4139103367925	2657.3690259829164	7266.257497993232	7466.61922852409	6265.619825571775	908.5966596654571	5336.143444292247	7356.1145547301785	37987.10351599813	6690.895009875191	8159.424289640905	1496.366307914752	13350.990078923229	3669.6590079327448	3254.8979157581925	15398.557446056846	3671.528256940384	18554.786945784334	4872.315539978445	5727.881509810686	15182.268302047494	8424.993827518942	12642.342013421809	14286.823644393924	13485.41366825712	12751.60290258837
PWY-5484: glycolysis II	2713.571530766785	20575.758515948302	3728.8289371056953	540.8793433586827	914.7786758344325	3340.643532574177	16636.36818444157	1690.3214575722814	6581.004299223423	4195.383638143539	1163.5464476421475	15021.34162848616	4545.990168116987	275.9591720829155	1517.4328040081878	2398.047843016684	19520.319420004133	5215.4021337628365	15531.712806874755	18217.664565050844	1545.3622117638588	11526.484591466311	1636.7950523272157	6215.418032370508	6460.539796389639	3860.957119613886	4878.439139574766	399.5263623073697	11333.55718995345	8081.922707659127	8647.909611646708	1981.910769827664	2766.5256801992655	5826.072013005614	3812.9540346562862	17057.976144457105	6189.159397976052	19025.365932935718	4023.4808018431067	15440.552829855922	3101.5749694779515	9998.321244073035	13962.946665931966	29298.61403833676	114.5743701520041	80.38129191845655	3248.970666900277	7283.6564161312535	15013.155241130155	1777.0116962492466	21891.62997402883	55405.87948341156	15350.077242950101	67.20203440636396	3855.0699765788854	7689.096848337289	22595.139498493438	382.7101271599531	30462.736465815462	2313.92917688936	5368.26363299042	5358.7440913543105	2566.6230358183384	4696.979820728302	19595.311576983328	2651.1082891374826	523.6624786630273	32320.57206380548	8979.591782716037	134.73160564899445	2517.629911275077	19137.28842820456	25726.43661745525	6037.155482918024	13255.69243128312	2660.337775014341	6006.23857229948	7884.297407743456	43950.684929407544	137.71176855423198	7417.081689535493	3950.754958204925	26135.87932535148	9845.800716009857	787.9809150472283	7244.265432980777	2106.5850695595145	7523.226586644397	51838.42884082581	43545.924906629036	13377.633575817426	3789.904359728098	10786.640159365657	7583.260869670761	14745.630043649915
PWY-6588: pyruvate fermentation to acetone	4865.978336893022	5654.117749072611	3167.9702596738935	1787.6644851639867	11501.741038352615	9748.016642682924	2011.4852162078023	5876.383907161653	5078.508760780096	2024.220610037446	2394.2854841093335	693.0340500548482	16284.913338214968	3820.1784575358033	22530.36294693297	16060.00222181702	939.058851051995	2003.2834494486451	14586.115287466302	3155.3277135964886	2741.690074940672	1807.6170509634653	1316.0303747281432	23713.4378677334	6369.917881675065	20044.23439418698	12629.22135139716	13082.630764272932	7469.698823568346	2017.5988553091884	48124.52275053931	28018.440900552756	14984.936676079276	494.54062482529264	3661.6668477654457	3530.971519649029	7909.066694330316	2567.807072500356	1057.092103615526	1547.4878530949354	1593.5790957883	23421.67347040996	2729.3493467272874	3560.812617652118	4848.690275794799	913.6517532169819	2096.2221501395106	12983.080930587772	2810.7002449491297	896.7917924746871	2127.7325227856636	7975.539788183691	24490.205789873624	13865.990880036596	16218.928195277926	5930.351340211928	949.507812038064	26257.107051691775	2445.9299788864405	11599.04714903276	20153.247769081838	9008.233071816088	1879.212355256552	7969.422628682973	956.230154260993	6871.662340126932	13837.248496291164	9522.468833435598	5269.0126348002905	17712.728883691583	1173.7243086099625	7422.026898291828	466.92144625969974	442.8370902314782	9784.800418382245	11804.911903616909	9310.644529339792	518.5485165566206	1949.4441213420946	2458.4942404180765	4635.452139271314	8932.41885723121	6998.934294469818	2930.8349173516035	14057.076526106886	2587.7530220896006	12465.324075472477	9175.087057729535	4271.230916492641	5340.152285061777	20678.498352968938	2214.2470667386306	1612.956918969797	3260.952525262811	308.7534010410309
ANAGLYCOLYSIS-PWY: glycolysis III	8503.17693653805	1313.2722023874521	8115.071327420059	23146.02872230745	11973.70066265476	23144.015835952523	6058.755065314472	28700.13376353679	1898.279064334929	6430.4543333128095	13890.827558094505	17529.19206311727	23057.070506658718	7673.844284889223	4166.235501414747	29408.08452497769	3149.2814933881164	2516.8173108249903	15993.068683052305	5502.798589877784	7567.248297435166	22250.198905462694	29078.546015728003	10972.6144443287	619.6735287085176	16705.304159873966	3773.590484634042	1368.3546988450435	4549.438913633505	12919.54911271942	26935.566196820502	6409.458029083908	11719.06367620068	10288.779008713487	1710.079270415008	8897.086055529238	2628.1046541407704	7068.419996228935	5279.391333460808	1769.647616893053	12914.153318432096	22175.511605403382	14465.640074664596	2812.513248063624	730.6881574913859	387.5183467927872	2147.694402374327	13760.693883103255	2272.96287534348	5006.929296068847	31037.22356091786	6521.442420780659	27352.088334641223	711.9453279301524	3163.5441491380334	2043.0534379556775	7871.9286717297055	9945.663734850408	10272.648222324375	2274.477705359459	1518.988125026226	13142.35309096885	8412.887844768287	6524.657630361617	4106.892705895007	14328.654482120517	22100.050094208484	20315.976607704408	19426.572675907853	833.6954377485592	25659.684183678393	15232.56470523418	23397.858011207347	63712.09842706133	5565.598379526534	8076.518763824601	21340.39288260675	9016.800090506858	6171.197569929063	8984.401132491352	3139.943829833069	3538.5093884542584	4698.932394385338	5616.805241443217	5584.80414096266	3718.7184765934944	4035.642077215016	2596.253454685211	2035.4539530343388	4805.385292716215	684.5033053748048	8354.820210228074	3288.6950252577662	14319.710454634174	46437.74974839164
PWY-6572: chondroitin sulfate degradation I	17300.46398385371	8025.0704377414	354.3089025254185	3843.8725052401423	1144.401398487389	17579.49750786448	4353.19843236357	17407.227418476585	6414.89137429744	1634.4555653631687	6193.830338306725	9599.903886717679	9925.57395207596	10906.973396939162	1881.9808820262551	183.80142667711146	10884.749581726974	22423.011139864266	2763.3788428035095	25436.446050784354	5744.487517843822	4075.0421901031264	2472.1846945032585	827.3256942629814	8753.668516454221	2997.5180188193917	22654.37289567658	3475.733887059572	1927.636003761527	2140.4051734134555	10055.956933227304	9987.255733241325	1404.9616176635027	30601.8113013304	16381.656463851477	2897.905115969479	7694.232381818388	14326.110461199383	1092.1898936845778	9255.995573055865	5459.640924818814	4990.638824571235	25029.862973918418	42097.07279568877	5012.3987507069505	2207.8203223645687	15876.942145729307	6327.34777405858	1352.702216245234	17172.362942785192	2301.9116139039397	14253.768845552448	9190.289843407394	8285.243892622115	3194.230478256941	6178.904133848846	4884.526245296001	8205.624233642082	15837.884730040601	2809.7040485590696	16743.59958534861	11575.92799472523	1505.8025449608476	1785.7381107927001	21267.497090516106	22946.660796782737	2854.844820441847	17180.013115608934	17163.08284466887	350.1638427541464	2857.73865878582	22589.290792724853	13594.39205336285	6053.913631476462	6873.523429967463	15468.456427657846	10523.003097203497	1215.9163784235716	3972.045066766441	56.953188877971904	7390.924523628467	8269.277261150004	2848.6253460869193	18190.796765589956	14577.980334015207	11329.624047082785	315.1282927729071	5202.956539578736	8907.40232500148	6121.588428504765	3650.909624993801	5221.735835075378	3781.412085518241	5561.839137226343	20309.077612215526
P461-PWY: hexitol fermentation to lactate, formate, ethanol and acetate	11065.283164942792	2431.484181433916	7479.150687309351	7690.758872357132	5487.28836234659	33227.22375224877	4453.834509477019	10650.748293426755	10333.199444738153	11947.503629651788	3717.6776537671685	4827.091032639146	6974.3905025990025	3257.5774611905217	5907.981661148369	5453.458409756422	1274.735820479691	23189.47927900291	16432.198899889234	9838.71469232154	477.252216078341	10240.423855883006	5350.32294123951	7595.752486539008	12529.48785158706	30115.9582653218	5834.133778698742	13567.723771137122	13493.840517056111	28721.75677148524	957.2970801545522	2902.04384829849	15854.513774717096	11478.503280830506	36939.529463016035	14924.554152172075	8281.156271275999	7979.508749720575	9682.774662468399	21999.34516026002	55102.0471908548	2543.111750856042	565.435360185802	5297.579686157405	2179.9179980777435	669.3750762499413	1777.2225942462683	5737.429796718061	2456.588828936219	1880.54870814085	6945.545477372529	9110.656593623391	5446.045892313123	2483.0347392708063	338.5837327626762	3573.5772317275405	13698.512864810351	3578.1422443687916	23030.291328809028	1047.5424219619345	10202.372232031945	664.774919860065	29839.27093278218	8223.845725458981	14400.248489433769	6472.502206452191	147.0616040751338	16718.45633452559	8503.727307123067	2783.6434496566653	2302.6432236656547	6198.1012765318155	18579.900282526258	10634.499884597408	321.74195162951946	3403.4810587763786	1674.1292808678252	2724.844948388636	21196.5453560902	4134.382675401866	5640.91760199517	2386.7085156962276	2766.620204783976	1168.8660587559978	1565.39851333946	7183.12614555371	566.668068474146	2303.056907840073	17683.078124279025	246.35916110128164	3182.6629862189293	24122.51237481926	13102.102810096863	5013.723811134696	9200.22707606449
PWY-7237: myo-, chiro- and scillo-inositol degradation	19592.17389932306	18081.90038343692	11006.923351048574	849.7526832170716	11104.434737515572	4666.416165418923	1092.7390834611226	15710.20163511658	14628.435611569188	1737.976842559874	13144.235694360856	5131.726833060384	4064.756625845156	6064.193248748779	28769.715352166182	1376.7046947032213	27926.165087330824	586.8587151962113	1124.8356383293867	9416.995420631887	2180.301652718495	7123.747597959758	1087.8602461889386	4396.698656491935	10276.384613987926	3044.3768855184317	19336.317553276065	6041.53823107481	641.3790304213762	8421.762232785124	11897.752731501665	16494.68388324404	5937.433117069304	8625.420499172928	591.5287003733324	19731.845556849483	5683.986283838749	5560.799543745816	6922.1636187285185	6039.086622186005	1523.6661973797643	31311.433611619956	3733.098730444908	8652.388620701553	26495.827304801707	7429.996588449533	20861.672487234424	219.1658318042755	3540.4490726068616	11775.479646908481	7998.310166969177	15426.963871379185	3961.398325886667	1922.275467666657	2092.69299171865	1608.9651826769114	5512.1664826031	4557.472434826195	28923.82851078267	8136.952568953818	8318.880162713052	6705.228369683027	12781.338104558114	23821.341263732676	1490.4726657625492	10631.831408989552	4369.760141707957	12304.439143788937	1452.53149792552	8704.904624772193	17778.151276612523	16489.820349121335	7801.727326166751	10120.83544353855	472.9404142496654	4182.193134911358	36163.01914466978	4475.141963921487	3774.9928794801235	36635.533177987345	13668.372463014844	11052.490332675103	9855.925803583981	1796.552729792893	11804.326604631666	3203.8611778989434	29495.012087929732	17854.31756610955	7261.457787406565	5451.9109427928925	12036.27516473544	15290.787722075227	40924.66732277037	7739.040200120005	7031.6928571841845
BIFIDOSHUNT-PWY: bifidobacterium shunt	17284.339423382524	34095.98506819058	5095.39604652673	13340.114935858783	39086.91620244146	22311.73807331307	409.8674993201608	3041.170318610966	200.9551876915204	937.9003923683497	4633.970684371889	11891.297500293898	22758.940613531828	9374.362716840813	35769.90877999426	43691.478853387365	25982.667783877616	12751.086801942422	2765.520462801662	2304.7987185418606	17375.33134700791	28458.027678212078	7327.802155216338	9468.620419082166	15681.462212208775	33838.45792807638	373.70344158262014	4121.615616604686	5641.123401001096	5304.741482250392	2436.878774315119	15255.510955208782	2911.012712866068	2804.467766545713	3359.7544161602855	8489.232584414007	10724.342977208022	483.644011573699	7293.48601731372	342.8297955542803	3250.693492591381	25743.07439722753	487.83422389324716	1572.9801822453737	7007.5183636964575	39621.499830619105	586.1214834056735	28169.179482567793	8369.105867621423	6425.044490822065	365.3038175451174	7243.0736008555905	22577.02855267263	1109.3191662803292	4039.0226617455482	22335.529355755614	22973.2834026785	5672.004083171487	5521.656181663275	6518.741408362985	9497.712072732069	4786.460702307522	1540.3637511063312	14707.302085152196	14622.476609739646	543.3821212500334	19539.16473663708	15087.608534856096	27926.278559673316	4293.789719231427	20366.593039685733	3123.4761202974	26695.673259577517	12538.765016523126	8924.098722216608	32778.31569381204	6219.550692476332	2650.523907504976	18587.765171283725	6181.96792434901	5095.606669783592	1667.3081313301777	3865.8008025959134	12764.510688883189	14262.901325269724	18534.281532371286	15291.890447656056	4310.851418413222	19426.7758705383	10788.46549573255	34.675560969479264	382.674495739498	9047.776078385235	7925.057508519084	9112.36325236869
PWY-7456: mannan degradation	2266.5169276297092	28027.97593008328	26401.956694803004	7109.5090393719765	11346.44708554161	2348.0203049257398	12546.857660216216	11564.711862754944	1319.9124950915575	23275.565596899753	17887.07327013636	2730.716597288847	7962.957706715584	3423.607493750751	14391.223098242524	9625.37889326823	10503.13034052861	5296.47359624505	20255.137401724107	10580.190978524211	7447.926802140595	33637.30288873959	21125.186743591927	1216.2817595526576	6931.069255806506	438.5039916853067	27577.827217659717	12036.942765888874	863.747913898536	10029.05133851232	13499.442105692748	3574.463836848736	7392.785888934686	17602.72759860182	12111.84773552132	485.78042071312666	30817.87869166184	374.88536807321054	1532.008912588486	4462.7255806699395	26963.70487906671	957.7945759519935	16706.440019512418	16285.870259795312	38214.143969565695	6788.770938292146	5564.45041205734	7644.604846111594	42366.03606240226	5203.885370865464	7621.613372843942	5948.333228006959	15109.427030289415	3322.1807847826162	5809.297910891473	15099.442217607957	5701.6552986329925	16668.635885322336	7383.842337456466	26714.837754747634	8301.624171015741	19769.020955169442	443.24526424402944	780.8207305009421	1654.6242171898484	5447.267652489245	7246.524708561074	17886.549150589362	3658.0056126021786	13489.323276606325	1717.53191532932	10532.173374247674	3363.5542077559503	14664.518199020866	9396.04220178644	800.0956009789388	9097.270750951888	7959.76612674904	24124.962034306292	37575.448507205256	6163.265476934612	10923.37254392815	3353.55931403617	7077.895842102849	1971.1456075310707	9679.751526144268	5522.932652384043	22986.298556110625	16017.150617295745	2899.932488799095	9836.844950494291	7019.365236733937	3564.93437617671	3351.743474079665	21380.6714460185
UDPNAGSYN-PWY: UDP-N-acetylglucosamine biosynthesis I	888.6677864938974	35960.99211288184	15047.20555534387	8205.431773838522	635.5101179446248	13605.9943582387	785.4483183473349	50.6749888882041	9506.342205730201	11407.247250479582	3300.0088343396783	315.5898629143457	3018.5808800160885	18407.220738706277	6170.106343924999	9505.364319329854	12718.72647995961	26937.555464586978	1553.8794500753284	8470.169074562036	2188.4123902146653	2473.838604055345	18458.1656373086	7881.498727527382	3493.885792455834	2633.268814533949	19525.650217288974	14398.055893825484	11007.259664636973	6959.752811619566	17049.46810295606	1646.637381054461	4644.162873737514	12160.643869590882	14599.658200260215	16630.86669858	2377.046295441687	4522.81157951802	4440.975659526885	270.93309374976167	28744.3646353002	3721.534009091556	12485.270332124952	4183.3740259859405	8161.789066669466	2241.797768510878	14347.073268463231	8853.277088345105	4109.22656301409	404.80012556184107	6112.897712737322	25466.23578169084	5729.0982734411955	11437.831268113912	5801.274795085192	14019.078387969974	14013.798972176579	5115.896165370941	27345.66951044536	4506.654171273112	207.79000015981708	5701.522305607796	19819.06413947964	2082.216292619705	7829.487416473152	4975.713363924123	3181.7108165416716	11161.925568756584	1001.0443122541237	5359.051315501913	18225.21764701033	3750.1725231134824	2740.4466504231095	9985.496988099934	2443.5955592178398	6049.690069630742	20707.754864448554	642.2993866726756	18390.574771070722	8313.226885673525	12190.130352553848	10904.516959142808	23175.61505236364	9010.79493532789	4621.84548843652	7330.206594941141	20443.197916352994	9211.505376662662	1854.6315342380617	25945.1066131208	17705.69028248811	22634.26443435884	9277.721727501492	531.5097586910205	1351.4221753112615
PWY-7013: L-1,2-propanediol degradation	488.543999099904	2096.9327222100746	1379.533801227808	19054.973087364677	4279.48254160583	8187.968739990116	3908.63002743572	9703.301321295025	23731.09662779308	203.02085464158046	2075.8195966482162	2479.50136493501	9061.112766665341	33272.23352919865	2848.6203076317906	4012.4655049294233	18216.369505131486	1625.8727572858334	2380.5972561240196	6995.415295985462	7878.827528580224	4463.4697725996375	4935.018704272807	8733.545969751598	9861.594698903085	17892.385776245836	4329.381920397282	9009.173614484193	11948.683635909338	1179.8438039293492	11353.114665246188	306.98690097779036	11378.758726221446	18344.050312799598	9458.647239533188	6550.924750044942	11156.75674709392	19353.718794042114	13424.749131825689	13229.463109326485	1651.5706930109986	2271.513333544135	17911.69797252539	4047.6369857788086	2811.4130022004247	6386.275948025286	2570.659639313817	9449.719050235262	508.07796884328127	24193.736853680377	15981.139910740903	11024.74999572051	5011.707376688719	5029.384233057499	5579.381179995835	6884.056087583303	70.04289887845516	4086.505868472159	698.5434284433722	8885.555850766294	2621.8183897435665	29723.313672650344	8605.47427046013	4088.4312987327576	1878.6805596527615	1504.737138748169	164.48372974991798	3354.1140239685774	3878.565014214108	5316.949123516679	7737.198970933051	23283.995705327754	6841.983189806342	4730.258812196553	5063.849366270006	4367.276867851615	8176.606081365961	3274.970524944365	6790.493833832443	7713.889919255403	4166.0214541479945	8249.268196103098	5548.959379084408	12839.446235028032	48284.57850710822	874.5421068137493	17059.68254757521	12275.719409388426	33060.51589380551	297.35485991601337	5703.61218018661	10653.29217309964	74.07302036881447	1791.2808935337432	22634.358944973712
COLANSYN-PWY: colanic acid building blocks biosynthesis	5057.540395751399	8935.469882142665	17170.40445571566	3616.036670282483	17721.933494846402	4288.893956691027	695.2389143407345	16762.238200789176	2095.3050907701254	9249.187856492521	8113.061552447201	3918.6529256403446	10493.963025090221	1707.1136739104986	15346.601548695806	10753.205986273411	14790.987551517672	5957.6345374807715	5385.91512478888	2562.538464553654	287.32158709317446	8749.3315148623	67.26340160509	7844.722883157712	3949.5653146877885	16782.53389810944	7698.236032900335	24533.446672043567	7655.428032902004	12903.686621737603	17457.188367003444	3583.8038474321365	20044.55642690683	17644.401787871364	8908.559660938503	33925.78743230153	67693.97689289591	10923.5360655458	7393.391681414963	6121.17453943938	748.7969566136599	7231.576029323924	3019.0359661355615	8943.526492965342	845.0804324820638	23310.8966971252	13335.61448338342	366.50770636079403	35343.59147562147	33.03434863061061	2607.9809153452516	11083.543357053051	1299.4776383165083	13543.203500610713	27011.351283269953	34341.66945349026	101.00966219172896	639.6155703872888	3784.388276275597	5322.963413782418	19658.364019447807	16177.36991604835	7042.293479004326	14879.218992517624	14645.827808960035	5940.208067186177	3498.7486273330337	3649.9297339469194	23988.736363730197	45226.31454960776	6107.894384490845	13981.52498444343	15735.856684947255	12615.653405346122	1762.3555914098831	1708.2334822043777	18205.386157238725	5341.787748038769	18684.088475162032	6556.728724390268	4519.907194189727	7042.843996986863	13735.83442489517	6654.5910853892565	100.26851517915537	1215.8678285777569	38548.59238280416	23037.54852692579	15495.762203022077	3114.8887472227216	5557.256075553596	4892.130866646767	2254.0411492809653	13386.339451697591	12396.57886284304
RHAMCAT-PWY: L-rhamnose degradation I	15425.900313163045	28546.446215504628	4080.9109434485435	8576.658125546695	1834.0943148359656	823.7420348450541	5245.169368572533	3249.0653059649494	1973.5843281788063	7281.446102586509	14132.998733872417	21605.84812857843	10835.087364119414	1676.1177405714989	18659.395462924484	10384.420714852336	4282.610779628158	1377.386310765996	10366.490380418423	4907.287841789221	42756.89266604562	12008.837703195337	6958.540859964115	6936.56175563191	47170.275931519995	485.25827936828136	1103.9363220334053	7091.600210196898	2645.8911262396523	5140.553733400088	9376.15832061879	5596.139798872173	18612.941968345884	4717.484395951033	4751.57898850739	1140.3304567888604	1790.6558280810714	12664.13390594435	5415.742858313024	12213.437733751658	3268.225654028356	9943.06553879507	2317.5781312119275	295.45020312070847	7530.132820409657	8466.760442879498	7246.579087541492	9.865254036798499	4843.0724356974315	13689.20512455416	32361.97478901196	880.0147786764323	4894.95125151042	11610.777861949924	559.1906234622002	11668.837191116932	24477.05285497642	3943.8184443861246	12658.06675846589	20362.028162086255	1826.010001823306	5376.836680807173	7028.629463841763	3245.7314152270555	29590.546412575728	19857.620931321624	6203.302061185241	10329.370991838101	38983.748608962305	93.89156941324472	24166.90723844505	940.4979692772031	10755.053832706932	4944.278378653563	39848.55636016294	7922.775661152722	3950.2767799422145	1695.883055217564	4397.502783685923	1908.418945968151	189.82519589772699	11227.787732657913	2698.17013759166	4534.489228390157	21291.714514276748	24276.745150468116	19542.029722684863	3013.439322821796	22208.85989641957	619.1823073938676	8110.232976776482	3765.1045667007565	2773.5829878728123	5491.216513328254	20066.968499773986
