"","X80865","X2000","X2698753","X1190","X2029","X1649510","X76890","X102115","X186831","X41707","X2044","X2847307","X872","X44","X816","X881616","X2304691","X1298","X1676142","X773","X543311","X2019","X896","X2894574","X1395974","X441","X2892397","X261963","X60919","X2755140","X748770","X1658781","X1649479","X252306","X42255","X74385","X1747770","X1802983","X1763827","X204286","X349742","X2792240","X44249","X1434026","X190972","X2055880","X81466","X1854","X1511648","X2781120","X1849828","X146918","X1278221","X2767353","X141450","X447237","X246875","X2733","X157","X1742989"
"MM-0001-01",0.0931592988476014,0.0591997977520263,0.0434512239172317,0.0412318967909179,0.038003677876271,0.0356223332168425,0.0351335411906097,0.0340491194894961,0.0330672306233488,0.0321522620426184,0.0292969965314942,0.0294081389938242,0.0269931385183379,0.0272479052189604,0.0272662985137826,0.0260108583054923,0.0249072606161597,0.0216853032486863,0.021491977979704,0.0200412557689395,0.0192119921151467,0.0178231026827208,0.0168772177128212,0.0161058733703834,0.0159352462099051,0.014112744635713,0.0134572389159853,0.0133821003499031,0.0121610986510671,0.0121618813444638,0.011853500146168,0.0107894284733683,0.00988659164028664,0.0098854176001916,0.00987132911905119,0.00983023771572498,0.00959542969671805,0.00904989239922529,0.00891879125527976,0.00773261941259643,0.0063597751948026,0.00577745130766543,0.00528318042765584,0.00461671700037452,0.00406257007551817,0.0036399156413057,0.00344267690533989,0.00335853736519574,0.00295310218571044,0.00241226104859782,0.00226628873011518,0.00168944369675484,0.00163935131936669,0.00121630553845588,0.000934927262345912,0.000623023943765045,0.000632416264525322,0.000437916955447918,0.00028646578318845,0.000292335983663623
"MM-0001-06",0.0933543014721312,0.0595154039288104,0.0434047879444723,0.0411125292858571,0.038182091991537,0.0353331243102857,0.0351380909941515,0.0343567233415379,0.0330723425476289,0.0321409967436843,0.0297370259641188,0.0289945415359244,0.0270380364341985,0.0271435766147648,0.0270090283143937,0.0259579468669996,0.0247525669100057,0.021791887107804,0.0214326801774556,0.0201402758610474,0.019342243969397,0.017708531349754,0.0168549519946477,0.0158964496530135,0.015826089532636,0.0141905253308777,0.0136264099797807,0.013367188483653,0.0121846447060799,0.0120655262566688,0.0117803826109283,0.0108039816421805,0.0100905053337909,0.00998434795918619,0.00970599344786809,0.0096911807909465,0.0096930323730617,0.00898634519909445,0.0088437733762242,0.00764518255365268,0.00629044163936612,0.00572694348230752,0.00533317368580873,0.00469746382625741,0.00406360554882128,0.00365317151328572,0.00346122416734352,0.00337111383773722,0.00300450057892801,0.00246322140725178,0.0022589301805416,0.0016904944711758,0.00158804026080151,0.00124611476352828,0.00096961183432537,0.000643116188012117,0.000599295411285763,0.000414754393804359,0.000322175288044458,0.00029193278016289
"MM-0002-01",0.0933468752936506,0.0592781309635781,0.043364132071876,0.040806352602085,0.0380663450670643,0.035886194840882,0.0352279782871967,0.0340564494244667,0.0330552928251322,0.0321388832537238,0.0297097611890228,0.0294300520864894,0.0272200428038357,0.0272064305869149,0.0269974171916152,0.025957180356605,0.0248365875313849,0.0216306908946564,0.0215942452816104,0.019853198827066,0.019175222603657,0.0176770005348284,0.0169041778967456,0.0160496819571382,0.0157567997414557,0.0142454045594779,0.0133777355067214,0.0133487546577933,0.0121179467858921,0.0120156356071005,0.0117310963630791,0.0107167666505955,0.00984251104126434,0.00998873259721977,0.00991935420130098,0.00983943731486287,0.00970770618337149,0.00914609245944657,0.00895376500746915,0.00773042189968587,0.00643857860352706,0.00573293884250489,0.00527978375017454,0.0045824869608135,0.00420441861343324,0.00358528229542375,0.00347682366382918,0.00339646767361944,0.00298371012827978,0.00247434975317977,0.00225567607490408,0.00169362324720752,0.00167737640765692,0.00116318589106889,0.000926948061927683,0.000582251601191903,0.000585764431365007,0.00043822556409466,0.000307811743918193,0.000295077734540693
"MM-0002-06",0.0935322119501328,0.0589618739387255,0.0432738777701987,0.0409278260743364,0.0381768573211616,0.0355151444784697,0.0351871471488905,0.0341523591135364,0.0330348460879788,0.0320827830428283,0.0298390490980073,0.0294798484826495,0.0271831415177859,0.026850064583545,0.0272136191457556,0.0258994528540122,0.0249894779617723,0.0219438921382233,0.0215230106091172,0.0198278739677518,0.0191907464116221,0.0179135886681277,0.0169673308854477,0.0160813027008984,0.0157859599727153,0.0140414786003512,0.0134152359113536,0.0134326516987649,0.0124283412913806,0.0118557972802345,0.0116228611236086,0.0107651335936026,0.0101301830108994,0.00991103435264067,0.00991901658853751,0.00974993831908625,0.0097005935880876,0.00914038575969116,0.00888495421099226,0.00758820370666009,0.00635095714264981,0.00573850195201951,0.00523779806394497,0.00464856392319638,0.00412899293209294,0.00358692654891659,0.0034309101200238,0.00333730026268813,0.00300712595968245,0.00244982076252123,0.00223937999796816,0.00169949058821822,0.00163055309638187,0.00115742420504187,0.000959319623238466,0.000630596635850398,0.000608826901586288,0.000427412449385368,0.000309855884359172,0.000290263123521472
"MM-0003-01",0.0931593297044767,0.0596354182130112,0.0435074541988934,0.0408376547239007,0.0381034511897165,0.0354934881101428,0.0353847777123587,0.034304525230176,0.0331539307258977,0.0322824204781156,0.0296153616013864,0.0292161477876749,0.0270880732360939,0.0271922159701056,0.0270195582795072,0.0259941177625938,0.0248659048108005,0.0215908898859591,0.0215799274929053,0.0199259764409038,0.0192481351370733,0.0178504300227059,0.0168304707023194,0.0159653551838188,0.0157164175082207,0.0141656956574764,0.0132809391847542,0.013497446447568,0.0122472768730505,0.0121403935407753,0.0114940691169747,0.010871953311168,0.0100369843735655,0.0098835108708114,0.0097400862283567,0.00981865004524271,0.00967796600105148,0.00915770909737026,0.00890191992611347,0.00759008689066794,0.00636458270052158,0.00577398377474475,0.00525372687106353,0.00462612986872991,0.00407983728154577,0.00355866684511006,0.00343899405427207,0.00337458999508063,0.00301968251996183,0.0024167509019994,0.00223952554762863,0.00169825739059418,0.00163842099517518,0.00125976166843968,0.000939568437991452,0.000609326347243849,0.000595166589549277,0.000439866021286227,0.000298268444340505,0.000293700780568062
"MM-0003-06",0.0933306316477802,0.0593551547872649,0.043254369311921,0.0408590209239518,0.0382569360501987,0.0354020819145032,0.0352274039692583,0.0343038713975756,0.0329450824870358,0.0321300557448699,0.0296956616985519,0.0295144076424273,0.0271613929682468,0.0272661997353937,0.0270237056467009,0.026075101652289,0.0249209941928831,0.0217603509012765,0.0215536144154927,0.0199506873885401,0.0191373046740941,0.0177604314586348,0.0170370592618562,0.0159906356181072,0.0158471941995414,0.0139865658274864,0.0135069207401906,0.0133030613029166,0.0120942899218224,0.0120951119356823,0.0116984902482441,0.0107679705587516,0.00994061360868606,0.00987279746523806,0.00987279746523806,0.0097462073308018,0.00969318743683337,0.00905900374386213,0.00887158458378767,0.00768171952147285,0.00637677251876144,0.00568299282094195,0.00523746130883513,0.00468630101572143,0.00411459037610833,0.0036489195244321,0.0034360179346984,0.00339080717239973,0.00303117610866037,0.00241384369981862,0.00227081328818285,0.0017180089673492,0.0016164902556422,0.00120219527021445,0.00095435809143178,0.000606235221732074,0.000598837096992292,0.000452518629916619,0.000304967142050982,0.000291814920291371
"MM-0004-01",0.0932035817201856,0.0591352521844213,0.0431057153444166,0.0410897829877564,0.0381995999292291,0.0354907951452936,0.0352760343661757,0.0341933284693788,0.0331121062394497,0.0320661210976316,0.0296240054331881,0.0295338726709676,0.0272924229503977,0.027083596838751,0.0272397527765898,0.0259871670234267,0.0248232303656163,0.021872587882225,0.0216763729389549,0.0200484194682315,0.0191370770946687,0.0178410940856217,0.0168296041984805,0.0159227128255211,0.015890072154429,0.0142142704272182,0.0134817099112285,0.013408639317988,0.0121089471417714,0.0120458912998888,0.0117532380102099,0.010704656451373,0.00999954377243814,0.00987862492271023,0.00986527192089979,0.00970318131558967,0.0096505111417818,0.00904146589253875,0.00893315821118737,0.00756818469278637,0.00633303202532026,0.00584416379237121,0.00529594888470907,0.00467058329991992,0.00402630096256597,0.00360493957210306,0.00342801229811467,0.00335827995532679,0.00290427789377168,0.00240205665901218,0.00228373422630297,0.00171289339890646,0.00163722638864728,0.00121846141520306,0.000953626879295911,0.000636122169580898,0.000581968328905206,0.000458453062158594,0.000327519461072847,0.000275591120698896
"MM-0004-06",0.0932633233319046,0.0590702243177597,0.0433415487926847,0.0409251321617374,0.0382458208315474,0.0355472210315759,0.0351128732676097,0.0341798828404058,0.0330682954707815,0.0321992427489641,0.0294817116730962,0.0293863409058437,0.0272942563223318,0.0272121017288184,0.0270081440205744,0.0259754964994999,0.0248396199457065,0.0217191741677382,0.0215141448778397,0.0199514216316617,0.0191491641663095,0.0177675382197457,0.01698421203029,0.0161401628804115,0.0158129732818974,0.0140859408486927,0.0133686955279326,0.0133844120588656,0.0122746106586655,0.0120988712673239,0.0116566652378911,0.0108286898128304,0.00992463209029861,0.00980925846549507,0.00973424774967853,0.00979997142448921,0.00972781825975139,0.00905379339905701,0.00902628946992427,0.00766288041148735,0.00645092156022289,0.00575439348478354,0.00532647521074439,0.0047638948421203,0.00411987426775254,0.00364694956422346,0.00344477782540363,0.00339084154879268,0.00302257465352193,0.00245320760108587,0.0022506786683812,0.00168059722817545,0.00167916845263609,0.00119195599371339,0.000934062008858408,0.000626875267895414,0.000600442920417202,0.000430418631233033,0.000301828832690384,0.00028932704672096
"MM-0005-01",0.093069247415244,0.0591664662979883,0.0433008736074377,0.040906067163581,0.0381049130399936,0.0356495952552697,0.0351911517191633,0.034279474232588,0.0330604311933958,0.0322597579546365,0.029645748176645,0.0294926665063717,0.0272789933477599,0.0273002324276669,0.0271375330608319,0.0259954315941332,0.0246890278111726,0.0216562474953915,0.0214222168790575,0.0199871764045844,0.0192590366273944,0.0178500440811092,0.0168329726697123,0.0160026448665545,0.0158479602468542,0.0141480323795784,0.0134198926023884,0.0133533702011702,0.0122914162058187,0.0120770217199647,0.0116863027971468,0.0107048970104993,0.0100268494029013,0.00985533381421816,0.0098425102188026,0.00978119740322193,0.00964254227779114,0.00922657690149876,0.00894966738799391,0.00766169752344314,0.00639095936523203,0.00580427987496994,0.00523803798990142,0.00468461970024846,0.00400336619379659,0.00357217279794822,0.00343071251102028,0.00335216798909994,0.00293099302716999,0.0024212551094013,0.00225975795463653,0.00171074777590767,0.00165985413160215,0.00122785926104031,0.00096938366594534,0.00063917608399455,0.000595896449467019,0.000456439849322754,0.000296545643984932,0.000283722048569368
"MM-0005-06",0.0932398102560644,0.0592174186731413,0.0435427485892853,0.0408663249477305,0.0381949596456914,0.0355668712483982,0.0350261909579371,0.0343837818394371,0.0330326431510083,0.0319889390975922,0.0294535869247544,0.0295328342438344,0.0273150333850408,0.027189698972595,0.0271452979924013,0.0262207459364673,0.0249988759245521,0.0219745509318585,0.0214855781120029,0.0198697196555833,0.01909242148333,0.0175546862705425,0.0169741013016794,0.0158578943818709,0.0160529214720892,0.0142043793979452,0.0135158831860794,0.0132888199455947,0.012098986083946,0.0119685933319844,0.0116870124322745,0.0108079854319822,0.0100104539016659,0.00994413345023718,0.00974798228457094,0.00968222387086621,0.00960241451406218,0.00915334637260853,0.00883017468132461,0.00778984285425238,0.00629088824441897,0.00582495897124615,0.00526854162451384,0.00470425574964592,0.00398765765158157,0.00359085901845732,0.00345428385153212,0.00337278838155617,0.00295069805085317,0.00240383534542839,0.00227512870663879,0.00174625120838111,0.00165576313482161,0.00118084125806524,0.000933544659517547,0.00060812481733774,0.000607562779613768,0.000431644972010521,0.000307434635012702,0.000283267012881905
"MM-0006-01",0.0929549964620697,0.0588700967743652,0.043411735288328,0.0409516766597681,0.0380181205875624,0.0359639929134989,0.0350010374382192,0.0342535499007783,0.0330799146640562,0.0321861217367248,0.0296260434234397,0.0295254917191149,0.0273979453403063,0.0270707532865511,0.0271941818336588,0.0257837978751137,0.0248437192426169,0.0215563701366758,0.0214802913339327,0.019977335965057,0.0190798189005283,0.0178694743114336,0.016987917834893,0.015986656948442,0.0159621840468603,0.0141102238206456,0.0134606278895314,0.0132648446768779,0.0122369828104467,0.0119406478934684,0.0116512292312849,0.0108665003218719,0.00999079606092688,0.00991312119938498,0.00980299314226736,0.00983278623984508,0.00987162367061603,0.00917574203433654,0.00897517064528657,0.00772332852742295,0.00643052090038997,0.00582135845884562,0.00519783148811202,0.00469720104488649,0.00404494501577438,0.00366455100205892,0.00344535892702287,0.00340492543745312,0.00297292552257625,0.0024143049429941,0.00226214733750791,0.00168277799354128,0.00165351691556317,0.00126514260785367,0.000904965338923086,0.000612354559141959,0.000596925990753499,0.000478817639641844,0.000311231465767199,0.000273458074195453
"MM-0006-06",0.0929819537102305,0.0590798518308865,0.0430805117910877,0.0411247760729551,0.0381489189462904,0.0356298025686134,0.0351321496526825,0.0342226923022752,0.0331804380821181,0.0320751388833929,0.0297786920044883,0.0294259084010117,0.0272267117550045,0.0273903604227769,0.0268678919301757,0.0259249000167002,0.025019466813861,0.0217035692176856,0.0214607789810724,0.0200912274253705,0.0190892146808952,0.0176921647834774,0.0167317348972065,0.0160456177368328,0.0158511172710377,0.0142843824844953,0.013374925134088,0.0134393114951787,0.0123045018809536,0.0120858565297495,0.0116297864720231,0.0108752588029905,0.0100315291961966,0.00986653914590151,0.00980282347607208,0.00988867195752646,0.00959222642000431,0.0091898116631869,0.0090026888012668,0.00773172886098515,0.00631522891698787,0.00573239821086399,0.00525620741529672,0.00468947329944554,0.00408585116421943,0.00369215539379973,0.00345405999601609,0.00341314782907299,0.00296646744900567,0.00234876079729094,0.00220590355862076,0.0017652593999057,0.00164788842916729,0.00117236832486138,0.000949698826089085,0.000641851537123767,0.000587525544953417,0.000448692453851411,0.000289738624908534,0.000269617887067664
"MM-0007-01",0.093760785217289,0.0596228685980165,0.04313698040165,0.0410876068313749,0.0381831933867843,0.0354367605898074,0.0350386493578208,0.0343372152824159,0.0331657280185727,0.032079793351591,0.0296240449462234,0.0295482142353688,0.0270919797357008,0.0273418322060807,0.0270603836061781,0.0260818757795737,0.0247631019427245,0.0217289013199405,0.0215315470339984,0.0200824999246554,0.0191093391353549,0.0177750102808945,0.0167114359517289,0.0159856971613065,0.0157095955987078,0.0141069426904542,0.0133408580731028,0.01323975045863,0.0122053417874854,0.0119759052777203,0.0116691797741995,0.0107227541714182,0.009991668343692,0.00990368527532867,0.00987014476860453,0.00980986907536114,0.00965237452204778,0.00907489449323211,0.00900392472538102,0.00763313879839433,0.00649859470137769,0.00569556691719967,0.00523474952046797,0.0046708801320621,0.0040044448462824,0.0035795984277766,0.00345175562678457,0.00338516070763664,0.00296711960933573,0.00238866739191936,0.00219957670908326,0.00165758156419313,0.00160897213415814,0.00125412329490272,0.000936703716774239,0.000635811344857657,0.000573591274412871,0.000458873019530297,0.000307697692121481,0.000279990317001537
"MM-0007-06",0.0931329468875653,0.0591658255823716,0.043161969580835,0.0408570664067006,0.0384065967585185,0.0354252020867347,0.0351950741754807,0.0341024196047236,0.0332743215303687,0.0319442909251686,0.0297251572087719,0.029299933981678,0.0272221386674688,0.0273550209259357,0.0273139482278641,0.0260135141256861,0.0248302580150652,0.021714773064283,0.0213378706584497,0.0198278449940535,0.0193271204837397,0.0178358191375821,0.0168500743838642,0.0160733171820988,0.0159676153855911,0.0141960532761215,0.0134815091317292,0.0134633888237564,0.0122583883435683,0.0120832253664983,0.0116145134002698,0.0108431922908962,0.00978919437714763,0.0098973122147184,0.00988100393754292,0.00982301895203011,0.00966054019054108,0.0091350512593312,0.0088137177979477,0.00780743669519407,0.00635177195471614,0.00575682184294404,0.00533039059531856,0.00461765848172356,0.00409881366343702,0.00363432976906876,0.00346822694598517,0.0033878935806393,0.00289683323457765,0.00239792075506115,0.00226383047606277,0.00166223625136733,0.00159700314266541,0.00120198042885937,0.000949504137772326,0.000651727076753396,0.000579245844862379,0.000414955052576074,0.000312877317662891,0.000302609143144997
"MM-0008-01",0.0930639714326927,0.059079182224493,0.0434081246813651,0.0409377749344562,0.0381403942649567,0.0355714947955836,0.0348921073234005,0.0341405968699727,0.0329734157994475,0.0318723015819708,0.0296034557368601,0.0294625131170231,0.0273120370502912,0.0272024761856523,0.0272646891389397,0.0259807899613619,0.0248400356320561,0.0215543108071057,0.0215355918654086,0.0200810199841219,0.019110938358525,0.0178204324956423,0.0169081593664629,0.0160168074074156,0.0158742131162523,0.0142005195056878,0.0134225823110405,0.0133152236748366,0.0123060524945192,0.0120109538842355,0.0117654054137382,0.0108289077717743,0.0101660370128533,0.00986708450280839,0.00996783645370751,0.00978505149360638,0.00971458018368787,0.00906932725224655,0.00894545190278042,0.00758117138732684,0.00646794491345793,0.00583645590973506,0.0052941571576278,0.00465661202570881,0.00409174043214329,0.00364633973117397,0.00350539711133696,0.00343822914407089,0.00294713220307629,0.0024775069893225,0.00226223915980581,0.00172104152191603,0.00167644639610822,0.00121287731055055,0.000948059341247408,0.000581938863936417,0.000599556691416044,0.000445400700969311,0.000308862538002204,0.000273626883042951
"MM-0008-06",0.0936215839869374,0.0591576219259134,0.0433255573959571,0.040891189321982,0.0379259679555396,0.0354036405262199,0.0352227663588915,0.034166015230596,0.0328379528513078,0.0320841040100794,0.0294676229046161,0.0293232952300013,0.0275622498268687,0.0270140524361644,0.0272469588982038,0.0259696899494667,0.0246657854212943,0.0218281670633097,0.021505442949686,0.0198744782833307,0.0192215968711247,0.0178811458502387,0.0168281113144225,0.0159720561800119,0.0157961374693226,0.0142921563793452,0.0134937084283645,0.013330797791353,0.0123390870314461,0.0119376950436762,0.0116985942608379,0.0108666969775431,0.00998772285617654,0.00984835063820087,0.00991524930282919,0.00991586873490909,0.00976039128285623,0.00902140881154522,0.00896627935643485,0.00766485255658202,0.00646129602535212,0.00578549562619008,0.00538410363842015,0.00463273252551131,0.00409754320848473,0.00362553596360713,0.003391390637408,0.0032842288875867,0.0029268165774891,0.0024387040985343,0.00227703232568252,0.00168485525730589,0.00171149083674124,0.00124567791266255,0.00097932211830905,0.000593415932536413,0.000578549562619008,0.000438557912563445,0.000324582409863341,0.00028803591714972
"MM-0009-01",0.0932481084524936,0.0591829117956412,0.0434775068894929,0.0409972894416401,0.0381985154132376,0.0355652400107065,0.0352285879084216,0.0341684919267584,0.0332942520329188,0.0319423657632729,0.0295548878643137,0.0295816541568806,0.0272639194146099,0.0272842768765622,0.0270309395722671,0.0258845128723248,0.0248474132828669,0.0216407360353466,0.0215528973569229,0.020038905371731,0.0191130178429384,0.0177185316992072,0.0169449481450205,0.0161295186968208,0.0158045532856567,0.0141069671528581,0.0134543974002767,0.0133375304890692,0.0122401124938268,0.0120640581469432,0.0117274060446582,0.0106884215050196,0.0100166252605944,0.00975537116554009,0.0098861867080853,0.00970598547080401,0.00954124082500499,0.00913823847635707,0.00895125141842501,0.00762575445130985,0.00633757949777387,0.00577284842361616,0.00528087642643605,0.00467656139848224,0.00409637373284224,0.00360289377551751,0.00350826927644302,0.00343324825924851,0.00295748683362299,0.00238785488899528,0.00228455961908927,0.00169230827229236,0.00163990665726705,0.00122861052782375,0.000909299967201867,0.000600922117628431,0.000607707938279191,0.000454649983600933,0.000317048620404963,0.000265777975488108
"MM-0009-06",0.0938181117975779,0.0590602688691871,0.0434700075930144,0.0409271671501068,0.0379398076072172,0.0354775405188378,0.0350070740673976,0.0342204596231898,0.0331327193370588,0.0320040095486253,0.029729519345799,0.0293826442263046,0.0271074711984399,0.0271470750506656,0.0270576249706385,0.0260566034643811,0.0250282689565887,0.0217650480981957,0.0214803100571934,0.020160409258015,0.019176458377717,0.0178565575785385,0.0167681344673692,0.016166565608561,0.0157643816609583,0.0141187733184751,0.0134523360810213,0.0132700217957752,0.012150871557879,0.0119562664219422,0.0117930712377706,0.0108084375324342,0.0100006555120368,0.00983472902771177,0.00993783560850636,0.00973503657210906,0.00980331907594653,0.00902831265739117,0.00887535984879522,0.00772821378432561,0.00636324653261446,0.00580606130130065,0.00524751041991009,0.00462409115987392,0.00401159710045176,0.00364696852995963,0.00338203241507022,0.00337656981476322,0.00293205071478125,0.00243495408684442,0.00226015087702048,0.00171935344662766,0.0016237579412552,0.00117923884127322,0.000962783304108422,0.00062888186034316,0.00055718523131381,0.000452713000442471,0.000301125841923272,0.00027927544069528
"MM-0010-01",0.093870993977769,0.0593701989477698,0.0433270830270982,0.0408849120393135,0.0380428010425302,0.0355245220679585,0.0351051819838964,0.0339173004646318,0.0329450582412638,0.031973562174629,0.0297985152973323,0.0296574916747562,0.0271310049761193,0.0274787140137935,0.0270489277354665,0.0260654931611005,0.0247634496616552,0.0217362917950367,0.0215870604483954,0.0198283690282279,0.0192874053966532,0.0175272216630192,0.0168407574684693,0.0159431309184219,0.0158297150949746,0.0140076003524844,0.0134472366458464,0.0132129434316196,0.0121451931464012,0.0120981852722092,0.0115236445876402,0.0109177653202766,0.00997760783643648,0.00972316839041308,0.00983583805712725,0.00982912264652839,0.00975674544340737,0.00904341960646202,0.00905088117379408,0.00792567682011877,0.00621921637127565,0.00576928386115217,0.0052969666490325,0.0046597487988742,0.00406506188250867,0.00367034497064246,0.00348977504120651,0.00341814399481869,0.00294731909616543,0.00251007125050645,0.00221832396782274,0.00171839895657442,0.00162363705145721,0.00121623547512649,0.00092971128957522,0.00061557930489531,0.000601402326964388,0.000439486315858591,0.000311893514480291,0.000281301088418827
"MM-0010-06",0.0932000133641293,0.0590546631226164,0.0434175364761311,0.0411034608165373,0.0380598351501794,0.0355518700743736,0.0349439117354034,0.0341256326737624,0.0330658134071793,0.0319884674137069,0.0295166512121101,0.0295117218201725,0.0270963197707504,0.0274528791209032,0.0271204190202231,0.0259406512164918,0.0249547728289726,0.0219341509916567,0.0214329961446678,0.0200259286015918,0.0191249452974422,0.0179139580114395,0.0169751827024351,0.0160265486095555,0.0158151324664541,0.0141248987420739,0.0134583354100679,0.0132009116088823,0.0121794320573694,0.0121109682804583,0.0118075368211885,0.0107592194691264,0.0100422667973138,0.00992834307253381,0.00981113308646208,0.00984290027894881,0.00967968263479285,0.00907610597754498,0.008937535293077,0.00783718547056249,0.00634905681562376,0.00568194577340243,0.00524815928289397,0.004710855561696,0.00408591820605187,0.00357326144454188,0.00341333006167765,0.00339635104500371,0.00298940235504438,0.00238965966930353,0.00219193628158439,0.00171652381471402,0.00165956195232402,0.00122522775160027,0.000941513860080853,0.000626580486289992,0.000598099555094992,0.000456242609335282,0.000302883749054515,0.000276593658720669
"MM-0011-01",0.0932436736179085,0.0593117452071925,0.043524078049626,0.0411516632698053,0.0379988760435633,0.0354875143847852,0.0350992197651247,0.0341510104946165,0.0332801850057058,0.0319945824474323,0.0294223455471309,0.0296056591275374,0.0273642808845551,0.0271751205295389,0.0270729739378302,0.0261423049911507,0.0248914391526166,0.0218576509860757,0.0215687515347783,0.0198724990421607,0.0191571289722815,0.0177435852284335,0.0168479969294115,0.0159548161258171,0.0157474275911357,0.0140277880000798,0.0134475816020575,0.0134042466843629,0.0121564761970927,0.012029910723191,0.0116240757797018,0.010744996020754,0.00998285175399799,0.00989308656734487,0.00985147128924132,0.00974382185084121,0.00966815770883475,0.00904736781646355,0.00903842569059006,0.0077146471333952,0.00635510007270636,0.00579243399851286,0.00532847523684596,0.00467122898514438,0.0040418408948179,0.00360023744783473,0.0034272417049745,0.00332612689702041,0.00297119328542647,0.00245805283145537,0.00220801723491584,0.00171448067228278,0.0016628914845511,0.00122851052385037,0.000920351109133143,0.000594651370587147,0.000593963514750724,0.00043644452821,0.000311942621817549,0.000296465865498045
"MM-0011-06",0.0934564800502971,0.0592709746262796,0.0435375348394187,0.0411999807107368,0.0382105074997888,0.0354969577713794,0.0348330735446668,0.0341601248145856,0.0328896440224495,0.0321278631593565,0.0296572421212243,0.0293533999683105,0.027237382301956,0.0270564548147197,0.0272337565006086,0.0261503670579994,0.0246097640654805,0.0217838144953011,0.0215524883693357,0.0200194995596464,0.0190793292702603,0.0177671517626289,0.0169527967799983,0.0160492470842212,0.0157396036491515,0.0141297478508969,0.0134491849379861,0.0133197438298832,0.0121159777825397,0.0121083635997101,0.0115721075804266,0.0108429589294604,0.00999778463537673,0.00981141844611932,0.00980743006463716,0.0099191047461377,0.0096921295817892,0.00898944928065914,0.00898872412038966,0.00776284068482685,0.00637923489065127,0.0058273879255739,0.00533319120192051,0.00471499207218535,0.00405763428789805,0.00356706336559209,0.00348475767500565,0.00333755014030038,0.0029184075045386,0.00240716951455234,0.00225633617849965,0.00173820916595329,0.00162472158377903,0.00118636220087592,0.000933643846960726,0.000638503617280714,0.000597894642189607,0.000430382619938789,0.000326684701402569,0.00028933894752414
"MM-0012-01",0.0934659257356354,0.059392224731052,0.0436220891190402,0.0407866983951001,0.038110175182416,0.0356764601163676,0.0350663412699486,0.0340866582838703,0.0329109260285826,0.0321779947089232,0.0294733034977894,0.0294918943767661,0.0271781749841132,0.0272925370578188,0.0270040967536945,0.0260835665643605,0.0249320587877395,0.0218392125579697,0.0215530256937215,0.0199435062623094,0.0191548023057197,0.0176804892668659,0.0169317838680746,0.0159521008819964,0.0157453477733761,0.0141899108989873,0.0132705074295913,0.0132767043892502,0.0122401220463037,0.0120170314985826,0.0117021132759157,0.0109528445171554,0.00996302105163532,0.00979964666062745,0.00977542218196076,0.00972077626496847,0.00974612746357314,0.00904023742242533,0.00894446622769658,0.00774112933392824,0.0063614607698652,0.00580655120040742,0.00534177922598847,0.00466574726319727,0.00404661465727433,0.00358860300248329,0.00345790348967699,0.00336945597454514,0.00293735887832777,0.00246864338412587,0.00221569475804816,0.00168951654700901,0.00163768742986168,0.00123432169206293,0.000979119626109256,0.000620822685829919,0.000597161567132227,0.000446181095442192,0.000314918222666901,0.000278299824682378
"MM-0012-06",0.0929902028630916,0.0590159803114705,0.0432886710093745,0.0408965603115002,0.0380788106715322,0.0355656557989833,0.0352565962874164,0.0343239608432017,0.0332613517360165,0.0320132077053547,0.0296568149606631,0.0293819851542296,0.0273926935950269,0.0271828506200785,0.0270513887090589,0.0260517821026266,0.0249460138020124,0.0217477687441121,0.0216931996489719,0.0201761788040736,0.0191740917842259,0.0177399167474041,0.0169317980566457,0.0158885361741012,0.0158508338901861,0.0141839960749938,0.0134478093732839,0.0134443367945022,0.0121619630587069,0.0119605534893712,0.0114748885426232,0.0107848375304409,0.0100575803170266,0.00995290687089399,0.00975993070717083,0.0096840300566576,0.00961160198492603,0.0090788091832842,0.0089661984142221,0.00775178800601054,0.0063741663950614,0.00581557729389873,0.00533388100861547,0.00470435208377051,0.00404753861135543,0.00366109020122602,0.00345571197042553,0.0033594719299055,0.00296012537001567,0.00245312886789467,0.00221500918001005,0.00167725555153729,0.00162863944859418,0.00124119887309858,0.000938588436411874,0.00059728355044392,0.000591330558246804,0.000440025339903452,0.000323445909376608,0.000291696617658658
"MM-0013-01",0.0931877838227228,0.0591872047007752,0.0434520376382183,0.040732989469868,0.0381043408250369,0.0356644953517224,0.0349832031093669,0.034539680447101,0.0331549669123619,0.0320937141727149,0.0294208074278275,0.029367132710738,0.0271076154536102,0.0271339819813033,0.0272323856293007,0.0261551246406972,0.0249069520529402,0.0217071855850426,0.0215536947274007,0.019868591109301,0.0193728062225005,0.0176514486288229,0.0168463278724802,0.0160299071756976,0.0157841334711298,0.0140519467678639,0.0134944830394956,0.0132477676732246,0.0122062898293474,0.0121479068037412,0.0117844253862579,0.0108229887871633,0.00996654746798939,0.00990581028812494,0.00983518566037558,0.00977350681880781,0.00978716091350602,0.00908091463601244,0.00892977793262881,0.00767077623528359,0.00638729133365193,0.00577097374882587,0.00532415527059826,0.00477610815926324,0.0040067705476469,0.00356230622367761,0.00348367747144999,0.00334619486276458,0.00292998038989503,0.00242383722435796,0.00226610888905106,0.00169169525002295,0.00167615783191809,0.00122227689091555,0.0009275367777749,0.000613021768864427,0.000602192659276192,0.000447760139930929,0.000314985839762136,0.000273081893964184
"MM-0013-06",0.0932477834543277,0.059156790535307,0.043412902480187,0.0410465652865629,0.0380212273642676,0.0356639063497671,0.0351532627503117,0.0343991823145188,0.0328664318635049,0.0320336647735423,0.0298845355315324,0.0295845426625105,0.027251811227438,0.0271354205514787,0.0271977141526964,0.0260444628775218,0.0248199018220059,0.0216921073187605,0.0214863745042126,0.0198577246934294,0.019156102027083,0.0178233468220837,0.0168471405187909,0.0160373237029612,0.0159561780908487,0.0140660590854808,0.0133406664923539,0.0132537833117082,0.0121349574477328,0.0121513505006848,0.0117579172298363,0.0107808912738959,0.0099227149518577,0.0100014016060274,0.00997353341600896,0.00980796358119356,0.00962436138813094,0.00920633853785443,0.00890470636353726,0.00765227711800293,0.00641788023071583,0.00576953498646344,0.00531298846174968,0.00457612073155638,0.00403269102619692,0.0035269653426271,0.00341631223520097,0.00331713426484125,0.002954028141954,0.00241223774188974,0.00223355346471272,0.00168110758022965,0.00158110995722233,0.00123521653993471,0.00094260054474115,0.000597526780101129,0.000586871295682316,0.000445071387647343,0.000302451826964769,0.000290157037250754
"MM-0014-01",0.0933617403280443,0.0592946232793058,0.0433363516106185,0.0410454341429763,0.037969328138023,0.0357099164115861,0.0351170356452683,0.0342483773520366,0.0332508319356923,0.0320392929784341,0.0295744801859575,0.029367442458037,0.0271501747750306,0.0272078671063286,0.0270110585151631,0.0259365899904214,0.0248449365159315,0.0216955898918126,0.0216149842941834,0.0198752127148988,0.0192434612289121,0.0177733296944884,0.0170094177616276,0.0162684190950978,0.0156861766310052,0.0141342120025417,0.0135130988187802,0.0134267649045683,0.0121174353999327,0.0120695630399194,0.0116743091957075,0.0108003317513632,0.00981628879553551,0.00985311368785339,0.0097606422915885,0.0099116243500918,0.00966530673703222,0.00899263870402566,0.00899304786949585,0.00759206529953572,0.00647095191119145,0.00575204818005245,0.00530523948659553,0.0046542572235095,0.00408879054369498,0.00361456776373476,0.00344312743172154,0.0033936184098275,0.00290180151464874,0.00244844617366865,0.00229664578422495,0.00168780756456938,0.00160679280147005,0.0012004914895628,0.000923077300768126,0.000609247385125771,0.000614566536238354,0.000437807053112542,0.000322422390516526,0.000263093397337724
"MM-0014-06",0.0935899535899536,0.0592917592917593,0.0434585234585235,0.0410608010608011,0.0381014781014781,0.0357084357084357,0.0351273351273351,0.0341367341367341,0.033035373035373,0.0322436722436722,0.0295877695877696,0.0293139893139893,0.0271682071682072,0.0272118872118872,0.026978666978667,0.0258734058734059,0.0247642447642448,0.0217838617838618,0.0215100815100815,0.0200514800514801,0.0190803790803791,0.0174735774735775,0.0169330369330369,0.0160617760617761,0.0157903357903358,0.0141718341718342,0.0134721734721735,0.0132966732966733,0.0122935922935923,0.0121110721110721,0.0116103116103116,0.0108396708396708,0.00995046995046995,0.00991770991770992,0.00992940992940993,0.00974610974610975,0.00961194961194961,0.00901836901836902,0.008997308997309,0.00768534768534769,0.00634140634140634,0.00586170586170586,0.00526578526578527,0.00457236457236457,0.00411528411528412,0.0035997035997036,0.0033945633945634,0.00332436332436332,0.002999882999883,0.00247416247416247,0.00217776217776218,0.00176592176592177,0.00161928161928162,0.00121836121836122,0.000943800943800944,0.000652080652080652,0.000605280605280605,0.000458640458640459,0.000295620295620296,0.00030966030966031
"MM-0015-01",0.0938578956438633,0.0589474794381585,0.0432694320207497,0.0409747256110655,0.0378765185916885,0.0357215277819306,0.035106126773695,0.0341302921360776,0.0331115099015956,0.032240054233573,0.0293473433105856,0.0295267446645766,0.0271988761864274,0.0273021678750888,0.0272516093116914,0.0257375706121011,0.0250052869035381,0.021961443930825,0.0214939131295153,0.0198363533467323,0.0192160595742969,0.0177900906303022,0.0169539715926111,0.0159585658981946,0.015747089756672,0.0140781135240895,0.0133882337719243,0.013242538126865,0.0122596361631813,0.0120198907173934,0.0116828336280771,0.0107010189453266,0.00991491483056629,0.0098360869629036,0.00990023653796704,0.00978879024230599,0.00975943365710747,0.00908531947847483,0.0090766212310086,0.00763379943254808,0.00638505728067777,0.00579955649810732,0.00527766165013365,0.00473021570022795,0.00410666008499275,0.00359944352961835,0.00345266060362576,0.00340427660209486,0.00293130939611873,0.00236701059174721,0.00222946955368749,0.00167604355864875,0.00164125056878384,0.001241674825804,0.000944303490552344,0.000611051884502496,0.000631710222234786,0.00043817421611122,0.000309875065984362,0.000279974840319204
"MM-0015-06",0.093356214000177,0.0590906049948529,0.0436555066465915,0.0409362993314922,0.0382357955587719,0.0354763036908563,0.0352777583948332,0.0341904351523008,0.0330588708383719,0.0321981482054311,0.0294019686197721,0.0294663519675767,0.0272852311793806,0.0271449546115382,0.0270258993706258,0.0260489989648309,0.0249001698425521,0.0216547455562901,0.0213821054577656,0.0199347390244376,0.0193218383280184,0.0177931834220433,0.0168375043431783,0.0160404456910276,0.0158354260918732,0.0140830480443648,0.0134629536777998,0.013285989392214,0.0120623461004193,0.0121058678048012,0.0117796348636907,0.0107487819318026,0.01007797219071,0.00982295658404257,0.00981216607882392,0.00990928062579175,0.00966109900576285,0.00904855799285093,0.0089482062943175,0.0075842864346804,0.00642394744016845,0.00576572662183092,0.00528231198803549,0.0047179685651002,0.00404428135594927,0.00363316310711878,0.00339757040984497,0.00332707244241647,0.00295983558147515,0.00241851190300631,0.00228219185374405,0.0017351132391586,0.0016156983147389,0.00123407411350604,0.000966829267590861,0.000620813733579549,0.000608224810824459,0.000433418626282362,0.000294221108961802,0.000284509654265019
"MM-0016-01",0.0928247372691536,0.0592497604050116,0.0434252981051616,0.0409256539602127,0.0382857796942561,0.035673782500548,0.0352450669197567,0.0341067531362762,0.0329257789846579,0.0322554621110462,0.0294880291205586,0.029459307288545,0.0272565962010309,0.0273123503455279,0.0270078144502071,0.0259531318834721,0.0248477637308308,0.0216452794613136,0.0216870950696863,0.0199236590600274,0.0191899852040327,0.0177640307205336,0.0168538020736318,0.0161953118367316,0.0155824386271471,0.014088480982557,0.0134215431480057,0.0134456188013112,0.0121573601595244,0.0121890386507159,0.0116931646685986,0.0106938138664781,0.0099508476530673,0.00995253717259751,0.00979329995687501,0.00980470421370395,0.00972529679578397,0.00913987827856545,0.0090152762132123,0.00766703962810296,0.00639609856150083,0.00576337349743637,0.00534268313441353,0.00466053962409035,0.00408356870452289,0.00372708008364811,0.00351251110331116,0.00335411864735377,0.00295285775892837,0.00248190418988172,0.00223354481894053,0.00164348012301392,0.00161475829100031,0.00119871410668556,0.000938105719150324,0.000621743187118089,0.000607382271111286,0.000448567435271339,0.000313828252736916,0.000267788845538634
"MM-0016-06",0.0932921435090922,0.0592010110229586,0.0431755950291371,0.0408937723794144,0.038091694165555,0.0356526012778207,0.0351541107912659,0.0343923330758969,0.0331812118233518,0.0321884434459032,0.0296587797514569,0.0294432352734677,0.0274506775258021,0.0270596082286035,0.0270252053640385,0.0260506915677877,0.0246808958786772,0.021718036930422,0.0214968756582181,0.0199073228954574,0.0191989047251281,0.0177287088394299,0.016923400968897,0.0161890051253247,0.0155922207400126,0.0141339605420206,0.0134093940883241,0.0133181211823352,0.0122881415432142,0.0121210419153268,0.0115670855859018,0.0107084181703293,0.00989819560485853,0.00990170610124272,0.00997051183037282,0.00980481640103911,0.00978585972056449,0.00900091272905989,0.00900231692761356,0.00779049357579162,0.00632942498069227,0.0057719581548831,0.00532401881626062,0.00462894053219125,0.00402583725338763,0.00361651337499122,0.0034002667977252,0.00338762901074212,0.00292564768658288,0.00246366636242365,0.00224671768588078,0.0017447167029418,0.00165274169767605,0.00121673804675981,0.000935898336024714,0.000604507477357298,0.000581338201221653,0.000461981324159236,0.0003236677666222,0.00029277539844134
"MM-0017-01",0.0932759970752804,0.0590298124342068,0.0434896468038104,0.0409804292700128,0.0382722115339739,0.0356314075472285,0.0352172019145505,0.0339739368073885,0.0330982062757015,0.0322788699381349,0.0293995249923511,0.0295116651714643,0.0271042164707347,0.0272202459046147,0.0270711578052158,0.0259886485617536,0.024936605147299,0.0217046344359803,0.0215581391730926,0.0199343753078993,0.0192025472025887,0.0176559202236062,0.0168955709166714,0.0161365180279923,0.0158441757113447,0.0142463402112643,0.0134386716379985,0.0133576454970208,0.0121072500894529,0.0119063052598281,0.0117118425214817,0.0107823106321854,0.0100193684887393,0.00986379829806211,0.00989880159096448,0.00975230632807679,0.00979703275789648,0.00913521123839058,0.00884740638563776,0.00773054205840105,0.00638615632729894,0.00590194410881616,0.0053224451485436,0.00467034676595502,0.00405389988539663,0.00361117305109444,0.00347958659814664,0.00333309133525895,0.0028618432993326,0.00243337706584249,0.00221881984453352,0.001646451184667,0.001628301329088,0.00122900450634986,0.00094444069923615,0.000645616291310368,0.000563293732077018,0.000477730127204559,0.000303361871820534,0.000267710369790343
"MM-0017-06",0.0934593579685259,0.0590616377537,0.0432133819831526,0.0410089701413587,0.0379495594353275,0.0357038471374813,0.03524279108482,0.0342658764512742,0.0328541156698696,0.0320416086209937,0.0294793918666694,0.0295040132923929,0.0271820539987578,0.0272487701200731,0.0269525187718515,0.0261971969698173,0.024828325123544,0.0215775026885008,0.021711729170671,0.0199425605965057,0.0192622944309512,0.01766627007639,0.0167330386175149,0.0160873218719273,0.015845873051929,0.0141469946770066,0.0133968354319789,0.0132034381041184,0.0123019762268221,0.0120549677300475,0.0118198728263649,0.0107957009402208,0.0100634120848311,0.00990535841647698,0.00991210945256246,0.00976318953891218,0.00956105557611753,0.00915162509352171,0.00899396854493728,0.0078030063555048,0.00634081136334394,0.00575188274482831,0.00537104488565333,0.00470706063065796,0.00405935828622169,0.00361696686273793,0.00350100788997558,0.00333660030530568,0.00296727891945299,0.00242401907445678,0.00227787899919464,0.00169967261446183,0.00165400384094241,0.00121320089653759,0.000954278806670977,0.000632611793186378,0.00057820638473281,0.00044556838164163,0.000286720473748,0.000274409760886244
"MM-0018-01",0.0931977483003408,0.059268614126484,0.0435113531966795,0.0408621560896562,0.037986232976885,0.0354568823720334,0.0352030435510401,0.0343605815816752,0.033219092765908,0.0320328088640831,0.0295356792860449,0.0295785096753457,0.0270943470959031,0.0271717561481256,0.0271230316685541,0.0259787922773272,0.0247968307083675,0.0219311240187322,0.0214619544331811,0.0197495247398545,0.0192736751853298,0.017852413551378,0.0170111304000673,0.016228788151464,0.0158444934658115,0.014132063772485,0.0135006102348127,0.0131108143982409,0.0122640300960108,0.012104103779998,0.0116856233707752,0.0108003310121096,0.0099700501626376,0.00990521516965942,0.0097704369721351,0.00982741317808562,0.00982112614846349,0.00902424514385903,0.00891893739768842,0.00773422525326906,0.00634007643456263,0.00582571882360245,0.00525674264280005,0.00455495296123025,0.00395454163231722,0.00361582791142518,0.003413464145463,0.0033883160269745,0.00293289931872175,0.00241146879943668,0.00225861539174875,0.00172264611646251,0.00165152409386221,0.00120710968744818,0.00097016725856431,0.00059530311734505,0.000590587845128456,0.000431840347169776,0.000293525695483005,0.000274664606616627
"MM-0018-06",0.0933906372842127,0.0593461533124045,0.0433973045100011,0.0410743344389062,0.0381600628951689,0.0353827560802987,0.0353242293018841,0.03412412865996,0.0329554031982169,0.0322591155457381,0.0294848255751161,0.0294323324851979,0.0272396900856241,0.0272252092332328,0.0270719535454255,0.026013041214316,0.0249058593752357,0.0217399830212006,0.021636806947913,0.0198134262843159,0.0191768721479509,0.0175670840571245,0.0171224012149435,0.0160278901217055,0.0157515471885727,0.0141924420811157,0.013295835970558,0.0133591896997697,0.0123093279014047,0.0120299681240237,0.0117469881335448,0.0107870282937755,0.00993567484694041,0.00994170853543676,0.0096756228727477,0.00971846206107179,0.00951392002104551,0.00910121572789513,0.00897028468752432,0.00766700797231261,0.0063311493392206,0.00579897801384249,0.00526318647536656,0.00474006568273297,0.00408420374317967,0.00358642444223075,0.00348867868858987,0.00335774764821907,0.002970988215603,0.00246596848845846,0.00224875570258984,0.00171356753296355,0.00166529802499274,0.00119527369112704,0.000927377921889075,0.000642587824861331,0.000582250939897826,0.000453733374925559,0.000314355170659862,0.000287203572426285
"MM-0019-01",0.0933269870602323,0.0594320879721896,0.0433842692532391,0.0407630651048896,0.0381920994079114,0.0355589830494429,0.0350224156719108,0.0344138571114859,0.033050685936134,0.032076474317275,0.0296525985191569,0.0296033959121438,0.0273022676704689,0.02720541622298,0.027254100907814,0.0260271432655615,0.024818830821756,0.0213244098794691,0.021579227591579,0.0197690895756767,0.0191786582915198,0.0175917447348031,0.0171727456919233,0.0159732379251623,0.0156153536994145,0.0142381986252274,0.0134706379558233,0.0133033490919788,0.0121644382201708,0.0120862319711289,0.0117097025469341,0.0108338961421013,0.0100155790991469,0.00983275256992985,0.0099767349357155,0.0097685302197233,0.00971052293566578,0.00906415605616762,0.00898491396276761,0.00765955110648894,0.00642741424244559,0.00578726242909645,0.00521340465467021,0.00466855052227273,0.00407190417196674,0.00361250719911829,0.00341258923799146,0.00337219130802282,0.00289829251415999,0.00244459268528148,0.00224156719108014,0.00172001955674148,0.00164025954116238,0.00122592179789434,0.000913614723906045,0.000603379338634094,0.00060596894952952,0.000433500863894195,0.000291590186824888,0.000295215642078484
"MM-0019-06",0.0932035381441343,0.0592179088904171,0.0434707960824302,0.0410899001636273,0.0381910882401764,0.0356176338068249,0.0349963243140696,0.034174867793877,0.0330939789893049,0.0320159358770661,0.0295729090089876,0.02960136593232,0.0272693210652375,0.027164979013019,0.0270876710379663,0.0257682183594584,0.0247992601199934,0.0216239417581636,0.0215565937062771,0.0199464061277242,0.0192387773008608,0.0177272403898599,0.0168574071000024,0.0160791102468638,0.0158329578600394,0.0142621356920961,0.0134805188645688,0.013267566221632,0.0123967843676634,0.0121435177500059,0.011663544309801,0.0107832768147217,0.0100348597310821,0.00991059783253101,0.00981811283170101,0.00978349024164671,0.00954729777798857,0.00909483269700491,0.00895444520856553,0.00762076406839147,0.00647300149398848,0.0057279043847376,0.00525599373947687,0.00473665488866229,0.00410680831890725,0.00361165785292513,0.0034655789798193,0.00334748274799023,0.00300173112950272,0.00244207830396737,0.00219782304536508,0.00170409542554957,0.00160402191183097,0.0012132134980673,0.000919632905689013,0.000592852569423036,0.000581944082145652,0.000449145106594892,0.000337214541487823,0.000261329412601674
"MM-0020-01",0.0935139770331715,0.0596216696037855,0.0431645889022145,0.0407513930789886,0.0382819010815902,0.0353927009999608,0.0351122254179237,0.0341999258096847,0.0330021241752862,0.0320601685467243,0.0296816551879438,0.0293936399397229,0.0272865545635589,0.0271598881716712,0.0273001259626897,0.0259857108246485,0.0250035436431064,0.0218077304700027,0.0217102174540256,0.0200198242956193,0.0190321280255424,0.0176679510906881,0.0169134818278966,0.0159494098451956,0.0157086431717265,0.0142529849538422,0.0134522724051234,0.0132753415720103,0.0124223540044172,0.0121212700014778,0.011636720788066,0.010760108933097,0.00999910529294619,0.00994532234083513,0.00972717466591739,0.00979503166157153,0.00963318016082611,0.00898326093578316,0.00892394889513732,0.00775077683693914,0.00634990685999041,0.00576533140854033,0.00531395672633726,0.0046002016609382,0.00408499113837901,0.00356123566081153,0.00343205604686254,0.0033013684996768,0.00288568157074368,0.00249211099594969,0.00221314334714935,0.00163208640658504,0.00159941451978861,0.0012123783223539,0.000933410673553565,0.000584575451450079,0.000585580740274585,0.000462935503684886,0.000303094580588476,0.000272433271441051
"MM-0020-06",0.093293150996503,0.0594855631957955,0.0433116310806585,0.0410785870655657,0.0383151037118569,0.035593048239112,0.0351617108902527,0.0342405497723497,0.0329254176295941,0.0319742009902076,0.0295250821449895,0.0292529578288541,0.0272644195425875,0.0274073863474824,0.0272286778413637,0.0258095698405027,0.024653650730471,0.02186092416667,0.0215359996100905,0.0199357461689364,0.0191786719521061,0.0178627274979591,0.0169724342129312,0.0161170703177356,0.0158213889712482,0.0140976641985939,0.0135054891942277,0.0132691065793161,0.012184670871732,0.0120457656237942,0.0116582930900731,0.0107493166430419,0.010034482618567,0.00984521406435943,0.00986389722636275,0.00973798896068819,0.00977535528469483,0.00903940116404222,0.00883144944783133,0.0075691175455199,0.00644325395697187,0.00582346036529643,0.00515411577874262,0.0047975110778966,0.00405993233446109,0.00361153644638136,0.0033824646339928,0.00343039100608827,0.00299661672305462,0.00231752439980342,0.00224604099735593,0.00170910316760827,0.00161243811202586,0.00119328543403828,0.000936595034340464,0.000607608920803701,0.000602735052455008,0.000461392870342917,0.000306241394576197,0.000277810495875489
"MM-0021-01",0.0935355638247299,0.0589930003442454,0.0433626215104175,0.0409709358556137,0.0382911496155927,0.0356679179712473,0.0349511499434454,0.0344093733095094,0.0329828041243873,0.03206768519581,0.0295165811517466,0.0294743701129453,0.0271728439584938,0.0271695654312083,0.0271921053062964,0.0259802796583775,0.0247946822287428,0.0217165549235284,0.0217653230169008,0.0197736176909332,0.0191408619248234,0.0177319148238611,0.0170278510892907,0.0160123272625936,0.0159606904578463,0.0141013556710326,0.0134550759798698,0.013369424454535,0.0121375178269921,0.0121071914496008,0.0115772994770749,0.0108056161172401,0.0099630346048555,0.00988434995000246,0.00983025424979099,0.00974583217218825,0.00971263708342213,0.00910774879923938,0.00891431568939233,0.0077008507778306,0.00644886317066374,0.00574316017245054,0.00528580561611724,0.00465509892956084,0.00402644132255791,0.00360515056636559,0.00346335426126584,0.00338548923823419,0.00291215186138387,0.00240889792305296,0.00225767585200728,0.00169212989525105,0.00165073848827107,0.00120076061833025,0.000940117699129551,0.000599150861433044,0.000589725095487107,0.000456125108601216,0.000312689539858695,0.000275806107896333
"MM-0021-06",0.0932678625187689,0.0595830536300961,0.0431998922947757,0.0407166885131256,0.0383740998853762,0.0355251471129951,0.0352169904991277,0.0342996262105151,0.0331373073319957,0.0321918948078976,0.0293384543178389,0.0295878966254233,0.0273092579745808,0.0271985609385314,0.0270953434319447,0.0257677269522974,0.024944230758443,0.0216360348770459,0.0214980375584572,0.0199273363712689,0.0191419857776747,0.017602324637757,0.0168543716914769,0.016053688062484,0.0159515924853167,0.0141505217906741,0.0134833477625923,0.0132245560431793,0.0122858750955977,0.012073082482381,0.0116635782442927,0.0108157735796841,0.00999115545641024,0.00987185696147855,0.00982024820818522,0.00977350114904271,0.00968898246611306,0.00903901135579561,0.00891821695497136,0.00765978612285501,0.00635647811396185,0.00578092832179928,0.00532355509514896,0.00471883513808146,0.00410065202798092,0.00365861183672935,0.00344058355288869,0.00336504030531439,0.00296712933789335,0.00244954589906749,0.00224535474473301,0.00167840641145266,0.00161520438749198,0.00124721153792215,0.000931201418118786,0.000610329604164602,0.000578541603947696,0.000428203061745386,0.000339570637611188,0.000268889084187714
"MM-0022-01",0.0933002421502297,0.0592941240356226,0.0435161460302648,0.0410041390795073,0.0382000032179432,0.0355406748026999,0.0353621795129643,0.034318359170736,0.0330281650483094,0.0320592624474067,0.0297046330337964,0.0292274723860245,0.0271282672180076,0.0269125644594258,0.0272564821444374,0.0261327160245529,0.0246248079290122,0.0217387150752596,0.0216230702396563,0.0199819191813552,0.0190844146963468,0.0175287402556656,0.0169273871105283,0.0160806657924587,0.0158413312631232,0.0139623540863857,0.013426868217179,0.0132659710546005,0.0121889656725904,0.0120853881241804,0.0117656050135556,0.0107846351254596,0.00994847268368422,0.00990322035670901,0.00983886149167759,0.00982428018631891,0.00969405404535691,0.00899716820993862,0.00890364673418984,0.00769742081848387,0.00633834259832828,0.00583805298343564,0.00533424374311159,0.00475048872513133,0.00413555988190148,0.00366393007409314,0.00350655253694601,0.00340699741760054,0.00294592648608642,0.00240641818781526,0.00227166681415573,0.00167835852714737,0.00158885948046306,0.00122432684649606,0.000918119433963782,0.000622470897725719,0.000577721374383563,0.000479171862304208,0.00030872143069757,0.000290117696274426
"MM-0022-06",0.0934470402533311,0.059444493355119,0.0432345330004943,0.0408942149917611,0.0380773067487257,0.0356385511934166,0.035297485891196,0.0342087804905101,0.0331925168054382,0.0322916746098372,0.0296504981841046,0.0293752889869875,0.0271829739091976,0.0273011682873045,0.0270432896441621,0.0258346568099719,0.0248634525652339,0.0216413559702719,0.0215540099782398,0.0198098630262336,0.0192947989621078,0.0177246507720069,0.0168608959619116,0.0160297225932886,0.0158574568867809,0.0139926892791113,0.0132911484542186,0.0132377703479767,0.0122163074967124,0.0120929139524131,0.0116898052669633,0.0106763144705273,0.0100212195302865,0.00991134381808741,0.00983508938059907,0.00973491877862574,0.00968188728346339,0.0091422138326936,0.00895920318272158,0.00762059119372163,0.00637903030697957,0.00578909824968337,0.00531944023697106,0.00461512652344235,0.00409417007096515,0.00364253583438645,0.00344774040771168,0.00343040985373706,0.00296456456289917,0.00243459622235517,0.00219162185563094,0.00172265706507762,0.00165368146025861,0.00122457694384693,0.000961845745591627,0.000620433832291536,0.000593744779170615,0.000452674069817177,0.000309870305066276,0.000283527863024847
"MM-0023-01",0.0934357389349284,0.0585975392807744,0.0433653909584736,0.041139777806376,0.0381636420461366,0.0357244435696759,0.0350215045274682,0.0342790927544288,0.0330840963826757,0.0320913301661423,0.0298489546214998,0.0294477386451012,0.0272724126706385,0.0272880936185031,0.0271691347036679,0.0260044187829638,0.0250192226791927,0.0219636007349498,0.0212893199767706,0.0201240633337263,0.0191799621278073,0.0177638103189289,0.0167915915513216,0.0160015962123482,0.0157863887209646,0.0141663845898459,0.0134483053221137,0.0132011952126607,0.0122333022237747,0.012068381910026,0.0116433741506604,0.0106327640969018,0.00990819616108767,0.00988818943450176,0.00979248158029348,0.00967244122077801,0.00980654036113764,0.00915010344018367,0.00884838037437452,0.0076468953345395,0.00635456894155765,0.00593064262687239,0.00533314444099584,0.00470752869343098,0.00410786761819379,0.00358336694823881,0.00346332658872334,0.00335626356537171,0.00292801147196517,0.00236998601692028,0.00222507242975746,0.00167245419811418,0.00160864896197532,0.00121716598769965,0.000954915652722159,0.000596416741196229,0.000579113626311116,0.000432577872127818,0.000320648347714745,0.000283879228583881
"MM-0023-06",0.0937734972082816,0.05898968623321,0.043383127312949,0.0412079991998447,0.038137403142963,0.0355486653291521,0.0349956167962016,0.0342013449669642,0.0332788129460425,0.0321674207346132,0.0295104343784382,0.0294539528261368,0.0271370324827761,0.0273617819929751,0.0271235004442039,0.025937387845876,0.0248430577700377,0.0218424753040296,0.0214600481269894,0.0198638559249737,0.0192696229268034,0.0176122423764613,0.0168544482164185,0.0159507433795972,0.0157407026069766,0.0140527278824713,0.0132702230432966,0.013318467702554,0.0121641259773956,0.0119558502532845,0.0117328657915948,0.010801508528126,0.0100654832996994,0.00995605029211553,0.00997487747621597,0.00981896485788418,0.00978013379067701,0.00911471050262698,0.00887819400236516,0.00763736490024534,0.00644419210787976,0.00571228532597504,0.00526690475209894,0.00466266981237534,0.0040531397271235,0.00358481352262498,0.0034547882824313,0.00336653585696047,0.0029035047979902,0.00237634364317779,0.00224455335447469,0.0017009184135744,0.00162266792965693,0.00123906405361041,0.000948419399059817,0.000614825230780093,0.000605411638729871,0.000440673777850995,0.000301823295110227,0.000277112615978396
"MM-0024-01",0.093640995506491,0.0594035761480588,0.0431562061806288,0.0408105861334796,0.0381077968716711,0.0353082307661245,0.0352205049941029,0.0342290645230016,0.0333211724062065,0.0319934498090224,0.0297355555338949,0.0293303460155094,0.0272743602632887,0.0272729677907169,0.0272304973772779,0.0262216509990294,0.0248514579884063,0.0219189107522555,0.0215700963730267,0.0196686750762727,0.01899054093382,0.0177686462520904,0.0168725901521555,0.0160865393853905,0.0158714023730518,0.0142526530083674,0.013249376520406,0.0132319706132588,0.0122850892644542,0.0121242586824146,0.0116257535017204,0.0108188156463788,0.00994643158016395,0.00972015478725108,0.00977585369012194,0.0098071843229868,0.00954052582549255,0.00904132440851246,0.0089320153116284,0.00778044049477335,0.00645619907901864,0.00574186064969985,0.00537633659960983,0.00468636644029704,0.00400614358898666,0.0036468856654696,0.00338718953083422,0.00348535884714411,0.00297014399558865,0.00243821947317193,0.0022585905114134,0.00165286494269279,0.00154703702723816,0.00119334899400819,0.000928082969085716,0.000613384167865353,0.000569521281854551,0.000433755206106828,0.000322357400365106,0.000280583223211961
"MM-0024-06",0.0933365138640981,0.0591262040091139,0.0432332837060861,0.0408787312972453,0.0382272379557961,0.035275924753029,0.0353367935314585,0.0341042007682627,0.0331845886833425,0.0321551660319314,0.029390160644222,0.0293580811528876,0.0274102802431461,0.0273329604435195,0.0271269114030253,0.0261579462545137,0.0247271186858924,0.0218140541074087,0.0216289801189409,0.0200496820840154,0.019211913829551,0.0177625788620829,0.0169745749467398,0.0159982068386895,0.0157724165727588,0.0141779013432259,0.013366043447147,0.0132644583912546,0.0122963157938029,0.0120454377205465,0.0116234690268398,0.0108420455199757,0.0101009270150445,0.00992078833293577,0.00980028460266671,0.00964112097258437,0.00971432801691165,0.00914059865266136,0.00885640726148076,0.00774555205514382,0.00627729841329901,0.00581008941130021,0.00526597188520477,0.0047197979814597,0.004010347692333,0.00356205736471091,0.00342592516430457,0.00341399817393665,0.00297269953032334,0.00241459863621034,0.00222253296373372,0.00171954299063114,0.00165127125266301,0.00124657613121334,0.000920845911509957,0.000613623090653352,0.000604575028994925,0.000442121194673159,0.000305166443206962,0.000274320778462323
"MM-0025-01",0.0935907876699143,0.0589326721409252,0.043402012200482,0.0410086283865709,0.038079466590338,0.0354576052504063,0.0350576787700426,0.0342363946900225,0.0331386854950552,0.0319385428146542,0.0293653555422691,0.0295495178724638,0.0272276922026323,0.0272244230488419,0.026964343702847,0.0261372477938661,0.0248495644397433,0.0219748885400177,0.0214928699755831,0.0199908754285316,0.0191793988098827,0.0178314177302919,0.0168375949779986,0.0160108623083277,0.0158296058926134,0.0140962279050609,0.0135066905048518,0.0133323356360284,0.0122121056038381,0.012099138178413,0.0117522446373164,0.0108198093284214,0.0099977987697811,0.00978421405547245,0.0098426955843903,0.00983070868715869,0.00963928157076301,0.00901015108575862,0.00893314435202829,0.0077344546288675,0.00644386536026438,0.00578930812355658,0.00527605097845773,0.0047718748161101,0.00404285352084231,0.0036313033825571,0.00344859400960259,0.00333744278072768,0.00294950319759565,0.00244351083869777,0.00226261766229351,0.00168470392000599,0.00160987662213595,0.00122048408176372,0.0009400633344061,0.000623681895353661,0.000580093178147814,0.000428985625167544,0.000308390174231367,0.00029059144803898
"MM-0025-06",0.0934346319070967,0.0590547186657327,0.0431782790766188,0.041031108051478,0.0381853736844162,0.0354042723968651,0.0352885340916948,0.0343351961689118,0.0330816150453784,0.0320929543930954,0.0295279229934435,0.0294952306799701,0.0272387095028664,0.0271233469714141,0.0269444786816054,0.0259520602921415,0.0250689920546405,0.0217212240002164,0.0215705387392641,0.0200009319188209,0.0191246276082454,0.0177226158660682,0.0170082700279876,0.0159140169609225,0.0158234554948639,0.0140599494358885,0.0135004223696591,0.013245272015079,0.0122002453050832,0.0120826281313224,0.0116313238959017,0.0107880876725177,0.0099959566747934,0.00988698229654859,0.009800930115107,0.00966377270800578,0.0098114517792134,0.00918390967001055,0.0089798645410901,0.0077950500079664,0.00636260059462433,0.00579067299569814,0.00535703012502743,0.00465470904592556,0.00409217578995151,0.00363786536478609,0.00346012439613164,0.0033545319813496,0.00302385110943433,0.00239292703676871,0.00222570773222064,0.00167519923522533,0.00164551311149657,0.00123103470044822,0.000902984244559548,0.000592595153420894,0.000618523539968796,0.000438152155287737,0.000296861237287575,0.000284460704590752
"MM-0026-01",0.0929546071940461,0.0596972844905039,0.043349654745562,0.0405853201673,0.0381168401762059,0.0353821515586213,0.0350663313244666,0.0344437661502421,0.0330951774492252,0.0319746811395423,0.0295993741677199,0.0294892605994897,0.0273499112738748,0.0273710869600729,0.0271206088433296,0.0259226700241221,0.0248941366944996,0.0215689489417905,0.0216070651769471,0.0198452480852642,0.0192801597735775,0.0176792778970003,0.016908482919389,0.0159670724129815,0.0157698360215363,0.0141483834783666,0.0134907271670138,0.0133727483439101,0.0123145690536102,0.0119424819961291,0.0115431690563933,0.0109502498428462,0.0100524007480462,0.00991990145440663,0.00988420529767267,0.0097541260824557,0.00966639823963496,0.00916120686890859,0.00898696122247841,0.00762687714895401,0.00649065032952393,0.00576583684194286,0.00534353315719196,0.00466228108121844,0.00403064061290906,0.00365855355542796,0.00344800673265817,0.00334212830166762,0.00289622885229596,0.00240797803052808,0.0022627733251696,0.00172854101337154,0.00168558462136966,0.00122697976027913,0.000924469957448971,0.000593524233152775,0.000615304938956547,0.000430773959230149,0.000328525645873555,0.000289199371505634
"MM-0026-06",0.0932261348093011,0.059380666094093,0.0434968060218561,0.0407496088858814,0.0382380923463088,0.0355451162064389,0.0351973788847536,0.0340876558311428,0.0331673447905913,0.0323634281550113,0.0297073222924926,0.0297788940073509,0.0272254465641239,0.0271632731552571,0.0271386929703563,0.0258836576471847,0.0248317703227523,0.021603813687982,0.0213623495186621,0.020025621228026,0.0190575957109023,0.0178415995049262,0.0168562232690489,0.0158397603287383,0.0156474565292201,0.0140974589872385,0.0135725997449444,0.0132451049284717,0.0121050181170422,0.0122156289490959,0.0117775233005694,0.0108319091285023,0.00986460655799333,0.00978146769729936,0.00985593119861657,0.0098183379746506,0.00982773628064209,0.00906213581564283,0.00888718273487813,0.00771673216562996,0.00640892173958306,0.00587466419129746,0.00525437599585896,0.00462035181474059,0.0040745271206193,0.00359593646166792,0.00344484061918932,0.00336965417125738,0.0028982929784533,0.00250501002004008,0.00221872316060693,0.00172061294305783,0.00161506273730723,0.00118274066169858,0.000907298001486378,0.000604383369914432,0.000610889889447004,0.000415694303469855,0.000315204724022359,0.000273996766982739
"MM-0027-01",0.0934528511659206,0.0592235912402352,0.043313328359519,0.0407322478715,0.0381854537874133,0.0357744338628983,0.0353415108692472,0.0342123452997455,0.0330571220632552,0.0319416710553264,0.0294725928201527,0.0295219652418151,0.0274528950525176,0.0272238618742503,0.0270282007958103,0.0260901247842242,0.0248516998741918,0.0215798626349513,0.0214509457561661,0.0198714854150209,0.0192017576582112,0.0178015009216185,0.016895882705755,0.0159692354954797,0.0157182590186957,0.0143038305684777,0.0133236965680681,0.0133022104216039,0.0121698447877352,0.0120811572895638,0.0116761205711109,0.0107654736826706,0.00995814315807952,0.00994214283624448,0.00992659966646186,0.00975745340706282,0.00965413704321367,0.00906852526405102,0.00901229556160215,0.00770255493139062,0.00635029916030311,0.00578937359197168,0.00530936393692033,0.00469769449076919,0.0041038539746628,0.00355435720764212,0.00347481275051932,0.00336555340998859,0.00294131630533368,0.00247684982006495,0.00215684338336405,0.00168917683372831,0.0016169468094444,0.00124208212645191,0.000947219052634659,0.000633612744667778,0.000583326018900494,0.000452123379853126,0.000305834723075573,0.000287548640978379
"MM-0027-06",0.0930716866366763,0.0592074984838853,0.0433741088692187,0.0410785267334012,0.0382593541316649,0.0354753428577596,0.0351815194845976,0.0340775930434879,0.0331035198229819,0.032136757373609,0.0295306415306109,0.0293879074275346,0.0273053820504555,0.0272294892834539,0.027199201803045,0.0262035444010981,0.0248959607641357,0.0217714764345996,0.0216388381583262,0.0198389959317299,0.0192196691771623,0.0177195685670262,0.0168464536145497,0.0162051945465825,0.0157735109177664,0.01419716940867,0.0133216175324825,0.0133028184067114,0.0121846185552941,0.0120516321470621,0.0116443177553565,0.0107823430255592,0.00987894059267377,0.00978250804010759,0.00990191730194947,0.00977241221330463,0.00977484913701569,0.00903472059277125,0.00895673903401737,0.00771773739292331,0.00634853439926697,0.00576367270861285,0.00527002159114408,0.0046935150674993,0.00406409248612868,0.00361987610679853,0.00341621891094576,0.00338836835424794,0.00297165439965688,0.00244458261415073,0.00225798388427537,0.00169018065959866,0.00161045844105116,0.00121846185552941,0.000920809030821515,0.000617586094774052,0.000596001913333245,0.000456052865926724,0.000316103818520202,0.000285120074193883
"MM-0028-01",0.0930390517338617,0.0593732988735171,0.0433330554315896,0.0406976886748501,0.0382535837064573,0.0353901740482274,0.0352694093934059,0.0339704230808841,0.033358017547043,0.0320093767317774,0.0296792932141298,0.0295297166873458,0.0273406274367487,0.0273479836593775,0.0272517397466517,0.025868769892452,0.0248229602420688,0.0216634626230328,0.0213851522002462,0.0199040993776636,0.0191966759682015,0.0177462740732386,0.0170045216248425,0.0159838457351073,0.0159041533232962,0.0141123000946501,0.0134036506480832,0.0132779818448426,0.0121629010980388,0.0120715613337322,0.0116890377570387,0.01077502709542,0.0101172581887018,0.00999465447822313,0.00977458081791387,0.00975619026134207,0.00971511801833171,0.00922592921352172,0.00890102938075318,0.00779085278236861,0.00635332427700592,0.00581202889524249,0.00529157614426043,0.00453572426915928,0.00406983016934024,0.0035953538097877,0.0034825583961473,0.00336853694540212,0.00297313997910833,0.00232027522080928,0.00227368581082738,0.00168764007473922,0.00165576311001476,0.00125239690253986,0.000978990628172371,0.000624665904888946,0.000605049311212355,0.000454859765875954,0.000293022868044078,0.000269115144500733
"MM-0028-06",0.0932689536190353,0.0593025101613705,0.0432698935196982,0.0406705460196251,0.0378832183869634,0.0356133582859554,0.0351998019942603,0.0341356255769946,0.0331863259074219,0.0321195386549813,0.0295969497090485,0.0296162698893424,0.0273297004432154,0.0272414542143057,0.027070705593871,0.025779386516394,0.0247240869387227,0.021719537819514,0.0215420010276247,0.0199901205996984,0.0194684757317649,0.0177296595053198,0.0169709508035106,0.0160890106814489,0.0158994640477553,0.0140812784319951,0.0135664217355161,0.0132849737036681,0.0122416839678011,0.0120839895232406,0.011513783121055,0.0107169562256931,0.00993266133917046,0.0100276957395347,0.00983083876735161,0.00978279940013451,0.00964755813807767,0.00921363733201886,0.00896038632005915,0.00778916566062485,0.0063767038310351,0.00572086203511469,0.0052932072334755,0.0047183013279752,0.00406089303094988,0.00354394766633109,0.00355282450592555,0.00340870640427425,0.00294293340908236,0.00245575156545677,0.00223121974042032,0.00168451085480832,0.00158164394891953,0.00119262950786801,0.000898649467180757,0.000606235927598408,0.000594226085794133,0.000444886313793147,0.000304423381386625,0.000282492365917949
"MM-0029-01",0.0935389285257944,0.0592381889120338,0.043660686958253,0.0407081006873148,0.0380764396318869,0.0357155592270457,0.0350948809456596,0.034340112383256,0.0329215783577544,0.032234412097692,0.0295529779185623,0.029563006831547,0.0271698110404217,0.0272281273122216,0.0270524356143786,0.0259912280441094,0.0248289884615499,0.0216230792774428,0.0214949320559717,0.0199185355112666,0.0191559666832082,0.0177158890668505,0.0169388340311476,0.0160626041892627,0.0157557937401754,0.0140282206182565,0.0133919418055609,0.0132727091734096,0.0122137302504702,0.0121520710076755,0.0117052272180241,0.0108096824326131,0.00997208247778039,0.00987996505480987,0.00980456248681384,0.00974810342112223,0.00964669996761033,0.00910365290155025,0.00895433353044481,0.00764723187143974,0.00632935841700666,0.00575511028832753,0.00528412281926859,0.00466493030276917,0.00405390949314617,0.00362043758747441,0.00344140291863654,0.00343731706519833,0.00291767079610254,0.00244891197437353,0.00229513530860822,0.00169451485319157,0.00167259982111391,0.00122798467879249,0.000966861499968799,0.000621421163829351,0.000586134247772096,0.000450929643089559,0.000320925215510197,0.000286009740674597
"MM-0029-06",0.093218586773414,0.0594051090615812,0.0435617380405485,0.0407250861785532,0.0379780682973272,0.0355869500456267,0.0351304946477592,0.0340228747425377,0.0331092107200735,0.0320829393016006,0.0295460716778088,0.0295347732768715,0.0272140817243469,0.0272577688746378,0.0270397097365477,0.0260876311508965,0.0248922603317286,0.0216899168927288,0.0215995296852303,0.020070479425047,0.0193025647746741,0.0176594006650239,0.0168975118284842,0.0162105690514955,0.0157439450927844,0.0141998302980179,0.0134612914900821,0.0133230743852823,0.0122655440575495,0.0120569002535738,0.0116294440847787,0.0108223616444898,0.0100103832304614,0.0098864774335155,0.00984467335004743,0.00981492089424584,0.00963791261289456,0.00907713531303915,0.00888054313672986,0.00773563850841524,0.00638171346276028,0.00566991420370942,0.00534941623045424,0.00461539678289332,0.00402524364060088,0.00358234632385812,0.00341738967017331,0.00334620974426823,0.00300273835577384,0.00246342801769932,0.00220620108969311,0.00170191579452427,0.00161793101422356,0.00121420148739682,0.000932118077328516,0.000606724130333834,0.000589399915563284,0.000455702171138385,0.000312212479234481,0.000279823729880843
"MM-0030-01",0.0931626106450578,0.0591421154741658,0.0433209994874028,0.0410701312738258,0.0381960333895548,0.0354034012449172,0.0352662840123654,0.0341881201495617,0.0330774370408961,0.0320763806682806,0.029614640231537,0.0296330789791907,0.0273651130177894,0.0273590785185573,0.0272246432856641,0.0261099371775105,0.0248343110898339,0.021657147244128,0.0216688809926349,0.0198702649715088,0.019129697815746,0.0179127404706038,0.0168144616103598,0.016006844463129,0.015822121736635,0.0141270979523268,0.0133003715575277,0.013190074321563,0.012127331956797,0.0121447649545787,0.0116214397711718,0.0107296748846489,0.00999447172820347,0.0098680824942865,0.00987009399403054,0.00975108025917504,0.00971286176403834,0.00908326234415487,0.0088361831255957,0.00763867027797921,0.0064418279302774,0.00579580126248429,0.00523425758394072,0.00468712965356275,0.0040917257293279,0.00357845804464121,0.00345005731098021,0.00338334256946966,0.00295455787403251,0.00247749718473848,0.00229813845756188,0.00168563678550272,0.00163300254220043,0.00122198609450227,0.00093300063127567,0.000622894420736685,0.000558191178970172,0.000444876693389441,0.000296025712330728,0.000277586964677059
"MM-0030-06",0.0936736699880666,0.0593668738843285,0.0434717396092561,0.0409576776280536,0.0381399393140449,0.0353924698131754,0.0352248108905976,0.0340162694903497,0.0332046852450286,0.0321457219031589,0.0295544053203765,0.0294167441952207,0.0270247280473653,0.0271845793240387,0.0271545815266167,0.0260931526123561,0.0248743379938131,0.0216789561752726,0.0216115638632561,0.0199879844438819,0.0191558537619704,0.017843347392575,0.0169204014609338,0.0161236106499578,0.0158047299540746,0.0140726653495031,0.0133403903494209,0.0132019073668016,0.0122173221253891,0.0119872020355766,0.0116551716202756,0.0106845579557446,0.0100147441228973,0.00994899552580797,0.00988571250110951,0.0096695639881784,0.00968312463632807,0.00894879499258685,0.00887441689212956,0.00769833886169454,0.00644911551699766,0.0058536797846076,0.00533138936647939,0.00464061816830983,0.00402299228440213,0.00359069525853992,0.00343248769679377,0.00334290523325959,0.00293156557271959,0.00246392867592188,0.00222065886669143,0.0017423378228667,0.00163549635259658,0.00120566489912521,0.000962806018626578,0.000603654307026224,0.000592970159999211,0.000447912317670922,0.000316826052224111,0.000290115684656579
"MM-0031-01",0.0933149191423314,0.059418468779519,0.0435387446402,0.0409696882794429,0.0377843099520904,0.0354441731789258,0.0349026903082742,0.0343127821402472,0.0331556062029661,0.0320330197638103,0.0295325134993378,0.0295702474972926,0.0274093472144134,0.027135146829275,0.0269860975373535,0.0260962040855857,0.0249339969485774,0.0218027040182934,0.0215700110309054,0.0199254376200413,0.0191059809644558,0.0178035291350487,0.016949482981338,0.0161029836272183,0.0157967093438184,0.0141634561323407,0.0133811045747441,0.0132697892807774,0.0121792767398832,0.012137140442167,0.0116233291700156,0.0106724324215542,0.0100190053569699,0.00997749795921961,0.00993033046177609,0.00979763256896831,0.00965927457646732,0.00906496410867895,0.00891843041662107,0.00760277168792977,0.00640471725286432,0.00584310958330346,0.00532112261159515,0.0046400239485107,0.00400231938307429,0.00362309270362838,0.00343882501361568,0.00337341941716067,0.00294262294050984,0.00247031906610871,0.00224328617841389,0.00165652251021648,0.00162947981168219,0.00120685903458824,0.000955927948188705,0.000590537067992891,0.000604372867242991,0.000444003375935017,0.000310047683195416,0.000284262784592957
"MM-0031-06",0.0933467306855275,0.0592759682121171,0.0431599567564404,0.0410568232704274,0.0380497342736561,0.0354408037157274,0.0353101743066583,0.0343811379493586,0.0330126642599504,0.0320402589388398,0.0296685513877807,0.0294104276754601,0.0272576550140009,0.0274389686337888,0.02714270113402,0.0258489474665994,0.0248671368280358,0.0218255616672702,0.0215407895554995,0.0199403180355845,0.0192035681684346,0.0177488790690408,0.0168010320768352,0.0160642822096853,0.015827581720452,0.0143206408574305,0.0134313158404879,0.0132735155143324,0.0122248226183254,0.0120664997745336,0.0116390803480594,0.0106504769802243,0.0100359962399631,0.00987662836089875,0.00969217963529314,0.00973711615201292,0.00963940535402921,0.00901029411995228,0.00893400654505591,0.00766533372417653,0.00634493165730576,0.00581091863303116,0.00535789584237942,0.00461853338704815,0.00403070104623706,0.00363202008975808,0.00346429192851332,0.0033979321887062,0.00304157516076561,0.00242082420886911,0.00223533044799095,0.00170549756480656,0.00163443516627295,0.00118716006962025,0.000983378191472408,0.000599850246445443,0.000587832340811083,0.000442572437926211,0.000331798699035589,0.000298880087950169
"MM-0032-01",0.0932033701649344,0.0592389876450132,0.0433664768786646,0.0408900943065231,0.0383280378727425,0.0355628119956461,0.0351246513889773,0.0341128838800958,0.0332965343699055,0.0319616540114134,0.0294991424454421,0.0294787439069566,0.0273144589736435,0.0271312800980435,0.0270256156686886,0.0262370081708386,0.0248242053953318,0.0215294334591515,0.0216375457131247,0.0200533952143397,0.0191746261763837,0.0177956849747629,0.0169389463583713,0.0161344280005026,0.0158476245493963,0.0140305227411066,0.0134438607742632,0.0133749137141822,0.0122509542436304,0.0120681833388001,0.0116757154583388,0.010854470298912,0.0100548475902799,0.00990267449317791,0.00973255068220872,0.00972520720835394,0.00973418256528756,0.00903328878292528,0.00885337367348304,0.00775919606912004,0.00638066283826896,0.00578706536834049,0.00530810768470061,0.00465045880392762,0.00402993526319826,0.00362767608426391,0.00343470591019095,0.00335555958086715,0.00296880329118179,0.00241314710283638,0.00220997765952065,0.00169756637276452,0.00158129470339709,0.00117781161215361,0.000943636390339905,0.000623379336117326,0.000578910522218904,0.000451215671299583,0.000295778808039962,0.000271300561857344
"MM-0032-06",0.0931180313376928,0.0591577560605819,0.0435567843884791,0.040833207601482,0.0381006353649556,0.0356833127460204,0.0352139138342245,0.0345147220753647,0.0330513259905932,0.0320103071496242,0.0293999912498809,0.029548007283043,0.0272324967974155,0.0271601243171125,0.0271454044906102,0.0258116246558729,0.0248335739616082,0.0216908910033647,0.0215686346665816,0.0199543603601614,0.0191635785697317,0.0177079512822809,0.0168227172717946,0.0160491086122843,0.0158413955049739,0.0141608819792933,0.0134326594514984,0.0132977277085605,0.012186380807636,0.011999111903801,0.0117480570851227,0.0108235702039636,0.00995591820846627,0.00974534291266931,0.00974902286929489,0.00992606967139214,0.0097825513629946,0.0091070748801663,0.00899095180442584,0.00769438042001389,0.00645505280533316,0.00580901597550948,0.00519446321903797,0.00472220211875547,0.00410274275344986,0.00364233929118311,0.00350658978010624,0.00341172867598023,0.00299916464984599,0.00238583854558301,0.00221819607708446,0.00172957961402162,0.00165025610453694,0.0012045724687725,0.000906087098031182,0.000621503785653158,0.000604739538803303,0.000472261100282498,0.000312796313174122,0.000263321340763575
"MM-0033-01",0.0931554144233664,0.05918849583219,0.0432530496008013,0.0411245228130653,0.0381765531718779,0.0353500614049342,0.0351737053682032,0.0341251595063097,0.0329130447523423,0.0320339285571572,0.0296469948878061,0.0295606816613698,0.0272744467561944,0.0273122753924721,0.0272584628253729,0.0260255689613375,0.0248459548667073,0.0215740442275366,0.0215671178575139,0.0198983954797444,0.0192297343737096,0.0177645407150678,0.0169248515492425,0.0160164314808846,0.0158017140101818,0.014016841735109,0.0134483465955559,0.0135048231511254,0.0121914768352883,0.0121754929044667,0.0116672039043415,0.0108861224848619,0.0101252873777562,0.0099132338955237,0.00994893134102516,0.00984397019529699,0.00967400773089454,0.0090879302674378,0.00893075494769259,0.00759449833101122,0.00630139832754804,0.00568761538400062,0.00533437051284442,0.00475841620557466,0.00400610586157383,0.00361929473569238,0.00349355447989621,0.00330387850081385,0.00300444619675686,0.00237361372699979,0.00218553614099958,0.00165486963772421,0.00163568892073835,0.00122330350554243,0.000948912693105864,0.000610586157383111,0.000602061394278286,0.000442222086062812,0.000314883437184484,0.000284513968623544
"MM-0033-06",0.0932633150104612,0.0595944225612344,0.0434360728807034,0.0406480689439613,0.038022828990054,0.0355160847928806,0.0349392563921753,0.0342805988462538,0.0328537310736565,0.031820805797975,0.0293824761320481,0.0294893458900082,0.0274073978018814,0.0271511786750565,0.0272356907430668,0.0259063024986507,0.0248671170697833,0.0218407801581762,0.0216127317206881,0.0199752545087635,0.0192374507404196,0.0177077375940532,0.0170768035836694,0.0160698132283297,0.0158355046376556,0.0140808731303941,0.0135022561144928,0.0133913619723417,0.0122417295551222,0.0121133964148103,0.0117149823799046,0.0108336422420828,0.00990982249335641,0.00988344041921563,0.00985526972987886,0.00967909113307431,0.0097537658175067,0.00901014904977582,0.00901640920296177,0.00775767125878713,0.00641129117000922,0.00573698324112277,0.00532560174604615,0.00467857019889848,0.00405523780309761,0.00359019785214144,0.00343101109969875,0.00340686479455295,0.00292617446063191,0.00250406127437938,0.00223308607218761,0.00167772105383419,0.00164731459550244,0.00123369733143084,0.00094260020828424,0.000619308011609901,0.000589348707077148,0.000421218878654532,0.000340284041036198,0.000299593045327533
"MM-0034-01",0.0930726580059052,0.0592682704857883,0.043605056373286,0.0409220404744872,0.0383380968673572,0.0354914964869657,0.0349874950031853,0.0340918123662956,0.0330152651969407,0.0319548460750668,0.0296277992242409,0.0296658153361604,0.0273364644785514,0.027291536346283,0.0269672473915763,0.0259707644579306,0.0247600088934662,0.0216513277415089,0.0216144636329809,0.0198760905152105,0.019163576417569,0.0177420042324605,0.0168653296515305,0.0159028308179339,0.015836014621227,0.0140930334898906,0.0135671439416718,0.013405863466862,0.012120803683646,0.0119986913241473,0.0118155227848991,0.0107193915578887,0.0100650536315179,0.00986345303800574,0.00981622089895433,0.00995042929406384,0.0096912285309768,0.00901039452660149,0.00881743395852557,0.00772821475186423,0.00647368305852292,0.0057997610744966,0.00533262369924417,0.0047474059763632,0.00403777188720044,0.00361153063234618,0.00348308225419416,0.00339034598117857,0.00298368878397978,0.00248314331037391,0.00224813461850832,0.00171014903467876,0.00160819673453119,0.00121881958820487,0.000940610769158104,0.000618625821234418,0.000602497773753446,0.000433153275203242,0.000288000847874496,0.000292032859744739
"MM-0034-06",0.0936801445712964,0.0593200853566222,0.0436079050404284,0.0410912155017534,0.0379875180104713,0.035250782841975,0.0349589259137988,0.0341861309324203,0.0332479723190503,0.0321978144330169,0.0294169383747061,0.0293899267854166,0.0272079174262304,0.0271308355738678,0.027110412177088,0.0262809587401268,0.0247650156436631,0.0216132243470607,0.0215282366636866,0.0200920106965894,0.0191248640361771,0.0176695323108019,0.0167241266856714,0.0159934961363545,0.0157497330134985,0.0141876725694675,0.0134880065249459,0.0131091854556427,0.0122514027908901,0.0119839221749995,0.0117829823034561,0.0108197885585496,0.0100568758659356,0.00983419495911038,0.00980191281581324,0.00996661762855375,0.0097610660222536,0.00923993999474262,0.00894742424731548,0.00760936234861157,0.00634245292901157,0.0057864094811996,0.00534829467930985,0.00460844066047948,0.00404844429716174,0.00357080034021426,0.00345287169429206,0.0033428488793814,0.00291132227000126,0.00243763122855955,0.00228676162008924,0.00170897713699553,0.00166813034343589,0.00119378048274322,0.000936840974868022,0.000598866699124495,0.00058437267560333,0.000424279597619554,0.000296468662932918,0.000272092350647323
"MM-0035-01",0.0932150100425131,0.0593701606039239,0.0435549733598228,0.0408348309010799,0.0380531147047893,0.0355008015483888,0.035036546465286,0.0342649675947772,0.033060737860438,0.0322259505513846,0.0295128917969614,0.0295286939065975,0.0271044323282828,0.0273098597535525,0.0272172266970648,0.026183005866397,0.0246769013479744,0.021753511065291,0.0215028569124421,0.0199923931913614,0.0192458797361375,0.0177272425100725,0.0171185888389155,0.0160849129085799,0.01576233191187,0.0141014756990799,0.0134296135893784,0.0132819455993304,0.0121381998018742,0.012007423722127,0.0116259934895308,0.0109001862469336,0.0100038252003326,0.00987413892124991,0.00986923481825939,0.00977169765878123,0.00973900363884442,0.00902409440289277,0.0090066575922598,0.00758337792434386,0.00642546471824838,0.00576613531618932,0.00534165795734302,0.0047444471931639,0.00408947699376307,0.00352223574785936,0.00350806833922007,0.00333860433588092,0.00290050446872763,0.00238448385405825,0.00220085244207982,0.00165213780747363,0.00160582127922982,0.00118406842204492,0.000926330564876378,0.000597755664511404,0.000601569966837366,0.000428836561504535,0.000304054385412364,0.000265366461820468
"MM-0035-06",0.0934401426208935,0.059282840756199,0.0436692709947774,0.0408476828293626,0.0381983388821216,0.0353703837125331,0.0350681185670219,0.0343178173909692,0.0330886504799548,0.0319620258466859,0.0295616652731864,0.0295110643452793,0.0270738421686686,0.0271468951639252,0.0270812144892909,0.025972015341129,0.0249475978801227,0.0215787824612492,0.0216119579040492,0.0199491644982549,0.0193275438276083,0.0177847181846666,0.0170625658691715,0.0159379518687995,0.0158682499283712,0.0141957384635749,0.0132567729006898,0.0132249378798211,0.0122621798276552,0.0119749944288713,0.0116737345998087,0.0108148592473196,0.0100608719109558,0.0098792447392628,0.00983467571004663,0.00967918676601427,0.00968555377018801,0.00907834263530303,0.00887761445108884,0.00767961234997746,0.00645547202120548,0.0057715217307528,0.00533621970855876,0.00468376933349195,0.00408359541374636,0.00362148495292606,0.00341573018646945,0.00336579946952802,0.00294457187761278,0.00243889770402478,0.00228642470933788,0.00167318167576199,0.00164938918648117,0.00120805526559623,0.000948348516404251,0.000626647252889028,0.000590790966226394,0.000452727507301111,0.000300924723579865,0.000291541770060671
"MM-0036-01",0.0931821963590505,0.0593239121984542,0.0435107144805991,0.0411090593933008,0.0383038723572531,0.0356239890648905,0.0350466486974811,0.0342813527145439,0.0331226299234771,0.032139062903153,0.0293695806972951,0.0296255775929959,0.0274442145712086,0.0272636693921354,0.0270676296641119,0.0258213289876737,0.0247798258277963,0.0215832330117428,0.021401340480587,0.0199192531896876,0.0189713909995534,0.0176658068314793,0.0169820256495416,0.0160900785708367,0.0157613246626736,0.0142253432884688,0.0135610987117293,0.0133327225337225,0.0120985480260281,0.0119462972406903,0.0117468891324602,0.0107943112100367,0.0100067839177361,0.0099704054115049,0.00967264060124239,0.00961672548981301,0.00972316630434124,0.00909125817758505,0.00895921767348674,0.00767586481477614,0.00638105946336314,0.00569188887309493,0.00529644103684132,0.00473055316213429,0.00411952899265895,0.00356172523044773,0.00347549469715904,0.00344248457113446,0.00298236383491434,0.00251213795807445,0.00221167844364666,0.00173000007410436,0.00162086455541086,0.00124023759206625,0.000903399571407302,0.000639992239252004,0.000563866846583081,0.000462141764344079,0.00032066979566732,0.000286312317560107
"MM-0036-06",0.0934399360945102,0.0592373934485952,0.0434373227718694,0.0409722184300874,0.0383163805403415,0.0354990627142827,0.0350586983468979,0.0343612922451406,0.0330398090948308,0.0320522071654967,0.0297302504967263,0.0293222601262352,0.0270467191879509,0.0272335522543613,0.0271063965557188,0.0261730113199776,0.0248839021665615,0.0216714655591379,0.0216913580150605,0.0199505730977546,0.0191693066425981,0.0177155971676263,0.016845399733051,0.0159658411427475,0.0157665265353661,0.0140729374448569,0.0134769438634894,0.0133579791761091,0.0122798860747348,0.0119456148056039,0.011587550598997,0.0108292969850058,0.00987133871547781,0.00995168863547894,0.00981049120324395,0.00976134513567045,0.00951951527935639,0.00910294384944765,0.00889348799002725,0.00775103694302099,0.00642292297407038,0.00580937722571229,0.00532142698337537,0.00464118300045324,0.00399994383306563,0.0036531910229637,0.00347532906412626,0.00338834832548426,0.00297177689557553,0.00241556822605319,0.00228919262372132,0.0016986597165286,0.00162065008545955,0.00118145586254079,0.000956398076906575,0.00060301444816377,0.000592093099814103,0.000446215089714976,0.000319449439227767,0.000280444623693241
"MM-0037-01",0.0932587313719369,0.059255003068046,0.0433944610106969,0.0412037684934997,0.0380863825404857,0.0357974587249129,0.0349761733033347,0.0339324096900018,0.0330272464017741,0.0320731917367294,0.029485537123357,0.029450999178266,0.0271306772307924,0.027452732355147,0.0270723664144051,0.0260102124666731,0.024770883346072,0.0216996975014264,0.0215835244133932,0.019878157306435,0.0192335985129845,0.0176641404626829,0.0168365754147245,0.0161072416651416,0.0158394604545014,0.0142188683036756,0.0134307751929639,0.0132145766275894,0.0123165900552248,0.0119564086278478,0.0117491809573021,0.0107596912576836,0.00991418442006753,0.00989803680937566,0.00988906591454684,0.00990431643575583,0.00975988502901187,0.00910231843805956,0.00889823058070396,0.00773156570821626,0.00645411028459267,0.00577860190398272,0.00524483366166808,0.00466845366891657,0.00403376285977774,0.00364218330049986,0.00343360999572985,0.00336094574761643,0.00296802055411423,0.00246206208576893,0.00222343628332239,0.00171792635971853,0.00165961554333122,0.00121107080189035,0.000958988657200578,0.000623028645861367,0.00058849070077042,0.000427911683334589,0.000298730797799619,0.000264641397450113
"MM-0037-06",0.0933685772063431,0.0593761984132774,0.0434782934033721,0.0409498635328802,0.038234738411519,0.0355678771926871,0.0351320055148056,0.0340477513324017,0.0331947149156036,0.0320816520471939,0.0294694150901394,0.0292729922310082,0.0271093476703314,0.0272608738759468,0.0271583598504193,0.0261309747624686,0.024843189084127,0.0217632786529507,0.0214714504050988,0.0199423452141103,0.0191413140876345,0.017880092262623,0.016890121052602,0.0159648758513996,0.0157980099558329,0.0141398268859868,0.0134540305035347,0.0133025042979192,0.0122347122218044,0.0118815252141477,0.0116750006079755,0.0107647209579449,0.0100291641178462,0.00994984669663518,0.00978747046642011,0.0097882187439787,0.00967822194286527,0.00916602595400712,0.00900327558501275,0.00767545705728626,0.00637719549312426,0.00578268897282069,0.00529743097607195,0.00461762081408857,0.00409008513527923,0.00356554256670427,0.00342486638568844,0.00341401636108882,0.00296355327081474,0.00247043835970076,0.00221527571221993,0.0017161745806372,0.00162525885726793,0.00119050959572434,0.000927490033878267,0.000615832430723528,0.000596003075420766,0.000435497539102179,0.000316521407285604,0.000286216166162515
"MM-0038-01",0.0933450492499465,0.0593314949970209,0.0433583544997397,0.0409487019343576,0.0381481007696523,0.0356231816443647,0.0349787834281575,0.034242035149118,0.0329617896484473,0.0319760382370305,0.0296857566787907,0.0293556907134829,0.0273629815799249,0.0272552398399539,0.0271912788705108,0.0259448950595453,0.0248613209889802,0.0217994033501866,0.0213971675209618,0.0199725822924569,0.0192190741871997,0.0177431833682325,0.0169920695238636,0.0159440673293525,0.0159495399256685,0.0141579487067229,0.0134054667132749,0.0133514248246546,0.0121642134613556,0.0121053830509588,0.011668943494759,0.0108535266436772,0.00997380678588262,0.00992968397808499,0.00982296834992328,0.00980176203919884,0.00964921341689076,0.00900652538703227,0.0089418803430497,0.00769344430846563,0.0063728384099645,0.00578453430599612,0.00526976821502378,0.00466915076934443,0.00406887536093483,0.00358113021427267,0.00344739364180079,0.00336359451071227,0.00292886514086121,0.00241546719896787,0.00222563651425714,0.00169171633617886,0.00163288592578202,0.00122415138843189,0.000945048976316655,0.000619771532785298,0.000613614861929815,0.000450463084259513,0.000290389642016953,0.000278418337575736
"MM-0038-06",0.09328963136743,0.0590916126369374,0.0432667079693309,0.0410007940346313,0.0381157595950046,0.035474430448984,0.0352626039889649,0.0341653009802322,0.033340645890336,0.0320877238386981,0.0295374171517353,0.0294744984012346,0.027409085551464,0.027154893799441,0.0272165541749317,0.0260752080408485,0.0247346191968463,0.0217120024227914,0.0215073067544957,0.0201411309519565,0.0191193304438247,0.0178542441004234,0.0169603783849763,0.0159285108767644,0.0157166844167453,0.0142150235714612,0.0132855038973971,0.0133140270642908,0.0122494418058185,0.0120405515541561,0.0116995319264421,0.0107570090439412,0.0099482933708385,0.00980358024468683,0.00981154995308359,0.00992228695396487,0.00958630082629098,0.00917900678138293,0.00895291873791698,0.00771593610307266,0.0063808002174472,0.00570505283706938,0.00531076200059815,0.0047105171208212,0.00404315890717681,0.00355616777830117,0.0034231994855763,0.00336028073507557,0.00296179531523762,0.0024097881441779,0.00227598093477968,0.00168957818011289,0.00164469613808904,0.00122901292644756,0.000925325090697379,0.00063086533835397,0.000605278379817007,0.000424072378374909,0.000315852127513657,0.000264258752103059
"MM-0039-01",0.093124568845918,0.0594587620818873,0.043488019586693,0.0409236285102791,0.0381182918905035,0.0356298958632183,0.0350814354698939,0.0341954156722999,0.0332263315186815,0.0321140939004253,0.02972172262514,0.0293747374783429,0.0271455493705666,0.0269741186783459,0.0269870790743214,0.0259449454161141,0.0248244602731462,0.0218836286045365,0.0216821533580091,0.0199277870300605,0.0191207078261351,0.0177074355559038,0.0169598563516839,0.0162517474442983,0.015954836554679,0.0142263910186812,0.0134116533989522,0.0132272623107561,0.0121008860787085,0.0121739355832973,0.0115889504376785,0.0108454949958144,0.00997125737637991,0.0100207425246498,0.00987464351547206,0.0097550544071532,0.00960659896234357,0.00912117322217241,0.00895916827247937,0.00761541085338906,0.00635059402796736,0.00564130690276581,0.00520713363758845,0.00462214849196956,0.00404894552451017,0.00356293067543104,0.00349930691336977,0.0033284653300571,0.00293965345079379,0.00241357919597238,0.0022710148402425,0.00170252474404691,0.00167660395209602,0.00117055940014575,0.000930792074600039,0.000608549501937874,0.000589698016882683,0.000489549502526983,0.000313405939042545,0.000298678216343177
"MM-0039-06",0.0931413173864535,0.0594679903904675,0.0433667168719098,0.0408431336195403,0.03825927786997,0.0355837031029199,0.0351179015212909,0.0345020738324988,0.0331190820760731,0.0321750313318715,0.0293874283363284,0.0297877163340433,0.0271442432231111,0.027334887752301,0.0269477024713689,0.0260907847937731,0.0249967079424083,0.0217321660559709,0.0215447972059767,0.0199344733133692,0.0191044162051781,0.0177148730903609,0.0166496222159184,0.0161176519145362,0.0157933596741616,0.0141581406196668,0.0134066998121726,0.013273707236827,0.0121979741889582,0.0118514073300528,0.0116856579627503,0.0107710883313101,0.00993382472888841,0.00992792850633615,0.00997640855843255,0.00988403440511373,0.00972156071700687,0.00901663455409162,0.00892557067245108,0.00764805578612697,0.00632271598354561,0.00568919962709668,0.00527253323340328,0.00471959858516864,0.004003535112988,0.00369365586107451,0.00346370318153618,0.00333726196458205,0.002861633345366,0.0024272782840158,0.00218553315937293,0.00168107856323469,0.00165225258631251,0.00124213755101051,0.000961084276019211,0.000598794156974478,0.0006249995905401,0.000427148567119649,0.00032363710453544,0.000264674879012789
"MM-0040-01",0.0932892949838919,0.05917075519657,0.0434904789804093,0.0411469351306466,0.0381481829335742,0.0353678335189384,0.035171792796137,0.0339858582334867,0.0331293913494609,0.0322811238873012,0.0299107455659763,0.0290937849873058,0.0274136489067189,0.0272526420773459,0.0272511512733702,0.0259295535489334,0.0248338126268115,0.0217336857593932,0.0214541600139539,0.0198493095341387,0.0192328620901966,0.0177480213304233,0.016824468267492,0.0162348552951121,0.0157018928738079,0.01409107917809,0.0132696461874925,0.013488048969929,0.0120941472526719,0.0120576225552678,0.0117728789959137,0.0108679609826783,0.00983483382753485,0.0099749694012484,0.0098475056613281,0.00977147465856862,0.00958437875962128,0.00920869615775091,0.00894109684411706,0.00765900542503567,0.00625615888392451,0.00577835620972034,0.0053422960468351,0.00470795895518494,0.00403560636215505,0.00371359270340902,0.00347059165537383,0.00337816180888191,0.00297340852948587,0.00236366970343437,0.00218999104026811,0.00169429871835582,0.00163168495137743,0.00119562478849219,0.000952623740456991,0.000581413550513656,0.000580668148525818,0.000448731996678489,0.000314559638867645,0.00026387230369466
"MM-0040-06",0.0933042428821212,0.05927341459587,0.0434544401592661,0.0410157307864838,0.0381402480095215,0.0356105731105905,0.0355203019777711,0.0341787340654091,0.0328496652329759,0.0319143174183012,0.0294436659523674,0.0293853369126995,0.0273361821976993,0.0270077341529026,0.0270827286324757,0.0261064116113675,0.0248821961716707,0.0217692308760605,0.0216157699502675,0.0200193596860231,0.0193048289500912,0.0176639775127664,0.0168438989907687,0.0160946485883678,0.0157259257304671,0.0140802135398367,0.013488590423205,0.0133240192041419,0.0120984149777864,0.0119755073584861,0.0117185818266155,0.0107943443052109,0.0099631554899431,0.00989232737034635,0.00989996569696953,0.00978400201096308,0.00976386460441106,0.00910002458152386,0.00881393452981933,0.00761888360995649,0.00638633545030713,0.00579332354701668,0.00528988838321624,0.00464618576688105,0.00403095327705044,0.00360737334612869,0.00351501903332116,0.00337197400746889,0.0029358949966183,0.00238176911977313,0.00231857932679956,0.00175750951666058,0.00168390382374631,0.00123393694630812,0.000977011414437548,0.000582596003349753,0.000572874496738435,0.000442328550815009,0.000318726538185384,0.000275674151763829
