"predictor","betas","ci_lo","ci_hi","p_val","n","name","FDR","Category"
"N.MeFOSAA",0.263404294859741,-0.625044851310816,1.1518534410303,0.549409862054508,38,"PWY-6737 starch degradation V",0.979031631548227,"Carbohydrates"
"PFBA",-0.18051990349641,-1.10009674906826,0.739056942075443,0.691324981786061,38,"PWY-6737 starch degradation V",0.758753182146503,"Carbohydrates"
"PFDA",0.197278249368586,-0.675562081929156,1.07011858066633,0.64770375251359,38,"PWY-6737 starch degradation V",0.883232389791259,"Carbohydrates"
"PFDoA",0.392185562126452,-0.455231812591606,1.23960293684451,0.352125130780405,38,"PWY-6737 starch degradation V",0.985481772600916,"Carbohydrates"
"PFHpA",0.535693743036772,-0.252754873394791,1.32414235946834,0.175487639354162,38,"PWY-6737 starch degradation V",0.859428460895907,"Carbohydrates"
"N.MeFOSAA",-0.308023582088118,-0.914372300585685,0.29832513640945,0.307807589384258,38,"PWY-7111 pyruvate fermentation to isobutanol",0.979031631548227,"SCFAs"
"PFBA",0.130115612820892,-0.504615878079925,0.764847103721708,0.678452711172704,38,"PWY-7111 pyruvate fermentation to isobutanol",0.758753182146503,"SCFAs"
"PFDA",-0.0993884333429944,-0.703005207936236,0.504228341250247,0.73900802510698,38,"PWY-7111 pyruvate fermentation to isobutanol",0.896904194335776,"SCFAs"
"PFDoA",-0.0263624011956503,-0.619993007862995,0.567268205471695,0.928337964636618,38,"PWY-7111 pyruvate fermentation to isobutanol",0.985481772600916,"SCFAs"
"PFHpA",-0.0724919462703602,-0.633389681322265,0.488405788781544,0.793624095590014,38,"PWY-7111 pyruvate fermentation to isobutanol",0.859428460895907,"SCFAs"
"N.MeFOSAA",0.533194648865685,-0.453243517710195,1.51963281544157,0.27841272159368,38,"COA-PWY coenzyme A biosynthesis I",0.979031631548227,"Vitamins & Cofactors"
"PFBA",-0.385383146485735,-1.41338087783414,0.642614584862673,0.449883421167736,38,"COA-PWY coenzyme A biosynthesis I",0.758753182146503,"Vitamins & Cofactors"
"PFDA",-0.363632834504994,-1.34035873263803,0.613093063628044,0.452989892307266,38,"COA-PWY coenzyme A biosynthesis I",0.788138604936123,"Vitamins & Cofactors"
"PFDoA",0.1188671156418,-0.848206013600245,1.08594024488384,0.803506605160857,38,"COA-PWY coenzyme A biosynthesis I",0.985481772600916,"Vitamins & Cofactors"
"PFHpA",-0.12475110514393,-1.03921252841107,0.789710318123208,0.78245758596515,38,"COA-PWY coenzyme A biosynthesis I",0.859428460895907,"Vitamins & Cofactors"
"N.MeFOSAA",0.0299501741368768,-1.17483914442328,1.23473949269703,0.959845817737054,38,"PWY-5484 glycolysis II",0.979031631548227,"Carbohydrates"
"PFBA",0.229421255973188,-1.01045052933503,1.46929304128141,0.708169636670069,38,"PWY-5484 glycolysis II",0.758753182146503,"Carbohydrates"
"PFDA",0.522724140776242,-0.641754515053192,1.68720279660568,0.366580829466692,38,"PWY-5484 glycolysis II",0.788138604936123,"Carbohydrates"
"PFDoA",0.196325918399303,-0.960481281708699,1.3531331185073,0.73131018797647,38,"PWY-5484 glycolysis II",0.985481772600916,"Carbohydrates"
"PFHpA",0.217751738162284,-0.875565282030594,1.31106875835516,0.687077910514585,38,"PWY-5484 glycolysis II",0.859428460895907,"Carbohydrates"
"N.MeFOSAA",-0.00995516362447751,-0.777080840453387,0.757170513204432,0.979031631548227,38,"PWY-6588 pyruvate fermentation to acetone",0.979031631548227,"SCFAs"
"PFBA",0.241637960724245,-0.54453178473043,1.02780770617892,0.534939945166819,38,"PWY-6588 pyruvate fermentation to acetone",0.758753182146503,"SCFAs"
"PFDA",-0.60891589171081,-1.32555948182403,0.10772769840241,0.092956072664725,38,"PWY-6588 pyruvate fermentation to acetone",0.697170544985438,"SCFAs"
"PFDoA",0.00663088786574905,-0.731389224191504,0.744650999923002,0.985481772600916,38,"PWY-6588 pyruvate fermentation to acetone",0.985481772600916,"SCFAs"
"PFHpA",-0.217034148687807,-0.910370488198709,0.476302190823095,0.527486115790611,38,"PWY-6588 pyruvate fermentation to acetone",0.859428460895907,"SCFAs"
"N.MeFOSAA",0.0392626277430677,-0.624608189823758,0.703133445309894,0.904667461149323,38,"ANAGLYCOLYSIS-PWY glycolysis III",0.979031631548227,"Carbohydrates"
"PFBA",0.0391208919954011,-0.645687163710489,0.723928947701291,0.907900304634364,38,"ANAGLYCOLYSIS-PWY glycolysis III",0.907900304634364,"Carbohydrates"
"PFDA",0.29795539592973,-0.343205231290278,0.939116023149739,0.35016851699073,38,"ANAGLYCOLYSIS-PWY glycolysis III",0.788138604936123,"Carbohydrates"
"PFDoA",0.195382462033271,-0.439284247853109,0.830049171919651,0.534294051317432,38,"ANAGLYCOLYSIS-PWY glycolysis III",0.985481772600916,"Carbohydrates"
"PFHpA",-0.213952082872001,-0.81288905590929,0.384984890165288,0.471329596108447,38,"ANAGLYCOLYSIS-PWY glycolysis III",0.859428460895907,"Carbohydrates"
"N.MeFOSAA",-0.0749613123697199,-1.01573160477906,0.865808980039616,0.871822334660116,38,"PWY-6572 chondroitin sulfate degradation I",0.979031631548227,"Cell Wall"
"PFBA",0.891285973177887,-0.0209155852979898,1.80348753165376,0.0551450300087603,38,"PWY-6572 chondroitin sulfate degradation I",0.413587725065702,"Cell Wall"
"PFDA",0.328417183747105,-0.585726832022776,1.24256119951699,0.468820593681909,38,"PWY-6572 chondroitin sulfate degradation I",0.788138604936123,"Cell Wall"
"PFDoA",0.414232993594361,-0.477966876641892,1.30643286383061,0.350607829447857,38,"PWY-6572 chondroitin sulfate degradation I",0.985481772600916,"Cell Wall"
"PFHpA",0.143266238599177,-0.711484122179875,0.998016599378229,0.73450509566545,38,"PWY-6572 chondroitin sulfate degradation I",0.859428460895907,"Cell Wall"
"N.MeFOSAA",-0.469300869207282,-1.1505299368449,0.211928198430336,0.169724729905242,38,"P461-PWY hexitol fermentation to lactate, formate, ethanol and acetate",0.979031631548227,"SCFAs"
"PFBA",-0.17513851405219,-0.897708296073406,0.547431267969025,0.624198010240142,38,"P461-PWY hexitol fermentation to lactate, formate, ethanol and acetate",0.758753182146503,"SCFAs"
"PFDA",-0.243207316546153,-0.926454006744488,0.440039373652182,0.472883162961674,38,"P461-PWY hexitol fermentation to lactate, formate, ethanol and acetate",0.788138604936123,"SCFAs"
"PFDoA",-0.417739409556166,-1.07622251173347,0.240743692621137,0.204990396847365,38,"P461-PWY hexitol fermentation to lactate, formate, ethanol and acetate",0.985481772600916,"SCFAs"
"PFHpA",-0.103786445678917,-0.742613386581914,0.535040495224079,0.742350271642076,38,"P461-PWY hexitol fermentation to lactate, formate, ethanol and acetate",0.859428460895907,"SCFAs"
"N.MeFOSAA",-0.0600683484902556,-0.778939051556737,0.658802354576226,0.865644011431617,38,"PWY-7237 myo-, chiro- and scillo-inositol degradation",0.979031631548227,"Carbohydrates"
"PFBA",-0.23840746849964,-0.974952807319105,0.498137870319826,0.51362554293929,38,"PWY-7237 myo-, chiro- and scillo-inositol degradation",0.758753182146503,"Carbohydrates"
"PFDA",-0.457557022554692,-1.14139130250686,0.226277257397472,0.181938924130305,38,"PWY-7237 myo-, chiro- and scillo-inositol degradation",0.788138604936123,"Carbohydrates"
"PFDoA",0.027292706513883,-0.664559812772155,0.719145225799921,0.936322919703997,38,"PWY-7237 myo-, chiro- and scillo-inositol degradation",0.985481772600916,"Carbohydrates"
"PFHpA",-0.753570462146153,-1.34462529198702,-0.162515632305287,0.014198529097464,38,"PWY-7237 myo-, chiro- and scillo-inositol degradation",0.212977936461959,"Carbohydrates"
"N.MeFOSAA",0.065883789696654,-0.872391034400659,1.00415861379397,0.886929804134487,38,"BIFIDOSHUNT-PWY bifidobacterium shunt",0.979031631548227,"Carbohydrates"
"PFBA",-0.236610378302163,-1.20076452744504,0.727543770840709,0.619896431140104,38,"BIFIDOSHUNT-PWY bifidobacterium shunt",0.758753182146503,"Carbohydrates"
"PFDA",-0.0790311044012552,-0.998331227845972,0.840269019043461,0.86181018718854,38,"BIFIDOSHUNT-PWY bifidobacterium shunt",0.896904194335776,"Carbohydrates"
"PFDoA",-0.0274864136221872,-0.930407761058192,0.875434933813817,0.950839709311998,38,"BIFIDOSHUNT-PWY bifidobacterium shunt",0.985481772600916,"Carbohydrates"
"PFHpA",0.419717900487824,-0.419883371232509,1.25931917220816,0.315448095327776,38,"BIFIDOSHUNT-PWY bifidobacterium shunt",0.859428460895907,"Carbohydrates"
"N.MeFOSAA",0.0674847137267447,-0.806103817556436,0.941073245009925,0.875698669415953,38,"PWY-7456 mannan degradation",0.979031631548227,"Carbohydrates"
"PFBA",-0.325941088917853,-1.21921048252838,0.567328304692671,0.461952137385798,38,"PWY-7456 mannan degradation",0.758753182146503,"Carbohydrates"
"PFDA",0.262267173130193,-0.58855469711042,1.11308904337081,0.533765091012562,38,"PWY-7456 mannan degradation",0.800647636518843,"Carbohydrates"
"PFDoA",0.189845683698906,-0.647956285864022,1.02764765326183,0.646862655046418,38,"PWY-7456 mannan degradation",0.985481772600916,"Carbohydrates"
"PFHpA",0.0983398820109262,-0.696053199667617,0.89273296368947,0.802133230169513,38,"PWY-7456 mannan degradation",0.859428460895907,"Carbohydrates"
"N.MeFOSAA",-0.250559141420906,-1.05300238535037,0.551884102508557,0.528513028055333,38,"UDPNAGSYN-PWY UDP-N-acetylglucosamine biosynthesis I",0.979031631548227,"Cell Wall"
"PFBA",0.486508302411124,-0.326836250001955,1.2998528548242,0.231371535012108,38,"UDPNAGSYN-PWY UDP-N-acetylglucosamine biosynthesis I",0.758753182146503,"Cell Wall"
"PFDA",0.72952320129886,-0.0139387994207422,1.47298520201846,0.0541738119549646,38,"UDPNAGSYN-PWY UDP-N-acetylglucosamine biosynthesis I",0.697170544985438,"Cell Wall"
"PFDoA",0.0767928701145895,-0.6998870412629,0.853472781492079,0.841337535757688,38,"UDPNAGSYN-PWY UDP-N-acetylglucosamine biosynthesis I",0.985481772600916,"Cell Wall"
"PFHpA",0.675660308808,-0.0149250779476594,1.36624569556366,0.0548375298382542,38,"UDPNAGSYN-PWY UDP-N-acetylglucosamine biosynthesis I",0.411281473786907,"Cell Wall"
"N.MeFOSAA",-0.106308948279612,-0.968223875532113,0.75560597897289,0.802840114701021,38,"PWY-7013 L-1,2-propanediol degradation",0.979031631548227,"SCFAs"
"PFBA",-1.03851914438261,-1.83989015053288,-0.237148138232338,0.0128240752212212,38,"PWY-7013 L-1,2-propanediol degradation",0.192361128318319,"SCFAs"
"PFDA",0.0882564154883074,-0.756624443675244,0.933137274651858,0.832507951748181,38,"PWY-7013 L-1,2-propanediol degradation",0.896904194335776,"SCFAs"
"PFDoA",-0.187019472153544,-1.01416957164006,0.640130627332976,0.647584586960911,38,"PWY-7013 L-1,2-propanediol degradation",0.985481772600916,"SCFAs"
"PFHpA",-0.102043978420626,-0.886237395273816,0.682149438432563,0.792247422559383,38,"PWY-7013 L-1,2-propanediol degradation",0.859428460895907,"SCFAs"
"N.MeFOSAA",-0.171284845001812,-1.29467409779045,0.952104407786826,0.757659053253677,38,"COLANSYN-PWY colanic acid building blocks biosynthesis",0.979031631548227,"Cell Wall"
"PFBA",-0.424027841169766,-1.57388004270542,0.725824360365886,0.457245751579578,38,"COLANSYN-PWY colanic acid building blocks biosynthesis",0.758753182146503,"Cell Wall"
"PFDA",-0.502068137656391,-1.58869696086345,0.584560685550672,0.35290397098432,38,"COLANSYN-PWY colanic acid building blocks biosynthesis",0.788138604936123,"Cell Wall"
"PFDoA",-1.23621918210816,-2.21568222037901,-0.256756143837317,0.0151047274356791,38,"COLANSYN-PWY colanic acid building blocks biosynthesis",0.226570911535187,"Cell Wall"
"PFHpA",0.0089499267408097,-1.01490697933236,1.03280683281398,0.985874895491512,38,"COLANSYN-PWY colanic acid building blocks biosynthesis",0.985874895491512,"Cell Wall"
"N.MeFOSAA",0.451281961453417,-0.694952191948245,1.59751611485508,0.427688304809254,38,"RHAMCAT-PWY L-rhamnose degradation I",0.979031631548227,"Carbohydrates"
"PFBA",0.986457488203639,-0.150567138640782,2.12348211504806,0.0865809194795598,38,"RHAMCAT-PWY L-rhamnose degradation I",0.432904597397799,"Carbohydrates"
"PFDA",-0.0726210190217327,-1.2075825411963,1.06234050315283,0.896904194335776,38,"RHAMCAT-PWY L-rhamnose degradation I",0.896904194335776,"Carbohydrates"
"PFDoA",0.277270678647397,-0.832481014938655,1.38702237223345,0.613603162203845,38,"RHAMCAT-PWY L-rhamnose degradation I",0.985481772600916,"Carbohydrates"
"PFHpA",-0.511749568626002,-1.54851409326239,0.525014956010388,0.321482519428457,38,"RHAMCAT-PWY L-rhamnose degradation I",0.859428460895907,"Carbohydrates"
"N-detect",0.163732515820723,-0.139201033594621,0.466666065236067,0.278443485815728,38,"PWY-6737 starch degradation V",0.601933564698594,"Carbohydrates"
"N-detect",-0.0484385858070067,-0.261025849013527,0.164148677399514,0.645050312531985,38,"PWY-7111 pyruvate fermentation to isobutanol",0.872874443227934,"SCFAs"
"N-detect",-0.0274783864588125,-0.375214397782669,0.320257624865044,0.872874443227934,38,"COA-PWY coenzyme A biosynthesis I",0.872874443227934,"Vitamins & Cofactors"
"N-detect",0.151195705841821,-0.261507020148298,0.56389843183194,0.460167163686133,38,"PWY-5484 glycolysis II",0.826091313837361,"Carbohydrates"
"N-detect",-0.0803079096677043,-0.343824429817245,0.183208610481836,0.53838630936078,38,"PWY-6588 pyruvate fermentation to acetone",0.826091313837361,"SCFAs"
"N-detect",0.0405180180928431,-0.188552315566157,0.269588351751843,0.720453431560283,38,"ANAGLYCOLYSIS-PWY glycolysis III",0.872874443227934,"Carbohydrates"
"N-detect",0.206205851758683,-0.109964484480672,0.522376187998038,0.192902321769041,38,"PWY-6572 chondroitin sulfate degradation I",0.578706965307122,"Cell Wall"
"N-detect",-0.174961544355923,-0.409205776258895,0.0592826875470494,0.137630583705535,38,"P461-PWY hexitol fermentation to lactate, formate, ethanol and acetate",0.516114688895758,"SCFAs"
"N-detect",-0.196163370970764,-0.433809327771083,0.0414825858295548,0.102213295100803,38,"PWY-7237 myo-, chiro- and scillo-inositol degradation",0.516114688895758,"Carbohydrates"
"N-detect",0.028497751189567,-0.295818025810516,0.35281352818965,0.858786832306792,38,"BIFIDOSHUNT-PWY bifidobacterium shunt",0.872874443227934,"Carbohydrates"
"N-detect",0.0428076133924395,-0.258911159813103,0.344526386597982,0.773996231174839,38,"PWY-7456 mannan degradation",0.872874443227934,"Carbohydrates"
"N-detect",0.222950001699562,-0.0436844584527221,0.489584461851846,0.098027288789197,38,"UDPNAGSYN-PWY UDP-N-acetylglucosamine biosynthesis I",0.516114688895758,"Cell Wall"
"N-detect",-0.157257381452176,-0.449732143289119,0.135217380384767,0.280902330192677,38,"PWY-7013 L-1,2-propanediol degradation",0.601933564698594,"SCFAs"
"N-detect",-0.288939498287465,-0.66272617714188,0.08484718056695,0.124894885796081,38,"COLANSYN-PWY colanic acid building blocks biosynthesis",0.516114688895758,"Cell Wall"
"N-detect",0.117639219204216,-0.280472764085283,0.515751202493714,0.550727542558241,38,"RHAMCAT-PWY L-rhamnose degradation I",0.826091313837361,"Carbohydrates"
