"predictor","betas","ci_lo","ci_hi","p_val","n","name","FDR","Beta_IQR","SE_IQR","CI_lo_IQR","CI_hi_IQR","Category"
"PFBS",0.204518602804414,-0.338643078109308,0.747680283718137,0.448719064585025,40,"PWY-6737 starch degradation V",0.756978118481022,0.203083250572995,0.275178400105625,NA,NA,"Carbohydrates"
"PFHxS",-0.157529498908699,-0.928159950958582,0.613100953141183,0.679909744884979,40,"PWY-6737 starch degradation V",0.99212229389728,-0.156482193717268,0.390564826884363,NA,NA,"Carbohydrates"
"PFNA",-0.0801473470102575,-0.5649170309096,0.404622336889085,0.7384906954955,40,"PWY-6737 starch degradation V",0.791240030888036,-0.12409337657582,0.382947141253926,NA,NA,"Carbohydrates"
"PFOA",-0.148293159268664,-0.764107924559204,0.467521606021875,0.627119831883494,40,"PWY-6737 starch degradation V",0.762326986048265,-0.127380321041697,0.269882825246982,NA,NA,"Carbohydrates"
"PFOS",-0.202373405966358,-0.933745831794913,0.528999019862196,0.576936918552672,40,"PWY-6737 starch degradation V",0.867034562725944,-0.181631139225746,0.334903261629845,NA,NA,"Carbohydrates"
"PFBS",-0.365205665965509,-0.824342573947208,0.0939312420161905,0.11500097797341,40,"PWY-7111 pyruvate fermentation to isobutanol",0.756978118481022,-0.362642579965593,0.232609486654705,NA,NA,"SCFAs"
"PFHxS",-0.169823466280884,-0.840323529804343,0.500676597242575,0.609462407315408,40,"PWY-7111 pyruvate fermentation to isobutanol",0.99212229389728,-0.168694426963835,0.339817535810334,NA,NA,"SCFAs"
"PFNA",-0.129727002764468,-0.550278382831946,0.29082437730301,0.534246726061381,40,"PWY-7111 pyruvate fermentation to isobutanol",0.669921110973519,-0.200858324156921,0.332217451082758,NA,NA,"SCFAs"
"PFOA",-0.322722802545042,-0.848622387185287,0.203176782095203,0.220370802491706,40,"PWY-7111 pyruvate fermentation to isobutanol",0.661112407475119,-0.27721126448717,0.230477204670402,NA,NA,"SCFAs"
"PFOS",-0.175832118524639,-0.813109959334025,0.461445722284748,0.578023041817296,40,"PWY-7111 pyruvate fermentation to isobutanol",0.867034562725944,-0.157810201630028,0.291816344059872,NA,NA,"SCFAs"
"PFBS",-0.157095028527085,-0.710049758931254,0.395859701877084,0.566846241819551,40,"COA-PWY coenzyme A biosynthesis I",0.756978118481022,-0.155992504372073,0.280139787820611,NA,NA,"Vitamins & Cofactors"
"PFHxS",0.115561349783945,-0.666916175335605,0.898038874903494,0.765492002327847,40,"COA-PWY coenzyme A biosynthesis I",0.99212229389728,0.114793061924236,0.396569066698964,NA,NA,"Vitamins & Cofactors"
"PFNA",-0.0890551551465581,-0.580468126416149,0.402357816123033,0.714455922955521,40,"COA-PWY coenzyme A biosynthesis I",0.791240030888036,-0.137885473641511,0.388195051738966,NA,NA,"Vitamins & Cofactors"
"PFOA",0.118861039058462,-0.506495247878023,0.744217325994946,0.701201856446664,40,"COA-PWY coenzyme A biosynthesis I",0.762326986048265,0.102098824984815,0.274064428164132,NA,NA,"Vitamins & Cofactors"
"PFOS",-0.488425124859824,-1.21270898913159,0.235858739411945,0.179107647814879,40,"COA-PWY coenzyme A biosynthesis I",0.867034562725944,-0.438363980836069,0.331657333424469,NA,NA,"Vitamins & Cofactors"
"PFBS",0.147806077881099,-0.219164165117981,0.51477632088018,0.418044313248678,40,"PWY-5484 glycolysis II",0.756978118481022,0.146768745429211,0.185915700431931,NA,NA,"Carbohydrates"
"PFHxS",0.0573962414631348,-0.464935165362921,0.57972764828919,0.824314137644073,40,"PWY-5484 glycolysis II",0.99212229389728,0.0570146533664961,0.264723869840118,NA,NA,"Carbohydrates"
"PFNA",-0.152034200882566,-0.475967041698277,0.171898639933145,0.346233470935596,40,"PWY-5484 glycolysis II",0.669921110973519,-0.235396903906371,0.255892972412848,NA,NA,"Carbohydrates"
"PFOA",0.120199269529716,-0.295715282999657,0.536113822059089,0.560212947067207,40,"PWY-5484 glycolysis II",0.762326986048265,0.103248333349845,0.182275906367726,NA,NA,"Carbohydrates"
"PFOS",0.0365641288807205,-0.460483144782425,0.533611402543866,0.88182951767757,40,"PWY-5484 glycolysis II",0.947690433758835,0.0328164876787528,0.227603266482775,NA,NA,"Carbohydrates"
"PFBS",0.180502367726137,-0.265094063178198,0.626098798630472,0.41541138198314,40,"PWY-6588 pyruvate fermentation to acetone",0.756978118481022,0.179235566209114,0.225749564554626,NA,NA,"SCFAs"
"PFHxS",-0.366146364158077,-0.987120751387872,0.254828023071718,0.238550006672113,40,"PWY-6588 pyruvate fermentation to acetone",0.715650020016339,-0.363712109046094,0.314717324500862,NA,NA,"SCFAs"
"PFNA",0.28597524185531,-0.0994692343734174,0.671419718084036,0.140531735062601,40,"PWY-6588 pyruvate fermentation to acetone",0.669921110973519,0.442779888576603,0.304484511276816,NA,NA,"SCFAs"
"PFOA",0.2103307691729,-0.291804413262361,0.712465951608162,0.399881180117559,40,"PWY-6588 pyruvate fermentation to acetone",0.749777212720423,0.180669162585253,0.220062378055518,NA,NA,"SCFAs"
"PFOS",-0.234239300627269,-0.832145974776902,0.363667373522365,0.430752618552148,40,"PWY-6588 pyruvate fermentation to acetone",0.867034562725944,-0.210230938305427,0.273787865458719,NA,NA,"SCFAs"
"PFBS",0.12120300428051,-0.214594801151131,0.457000809712151,0.467565168096306,40,"ANAGLYCOLYSIS-PWY glycolysis III",0.756978118481022,0.120352377490266,0.170123015125466,NA,NA,"Carbohydrates"
"PFHxS",-0.0415210548695214,-0.518651294670318,0.435609184931275,0.860422213485207,40,"ANAGLYCOLYSIS-PWY glycolysis III",0.99212229389728,-0.041245009959712,0.241815372093589,NA,NA,"Carbohydrates"
"PFNA",0.00200980160411836,-0.297998311234317,0.302017914442553,0.989197337816683,40,"ANAGLYCOLYSIS-PWY glycolysis III",0.989197337816683,0.0031118068982449,0.236993469229233,NA,NA,"Carbohydrates"
"PFOA",-0.208392822008846,-0.582810145621048,0.166024501603357,0.265336745269484,40,"ANAGLYCOLYSIS-PWY glycolysis III",0.663341863173711,-0.179004511746762,0.164089610729292,NA,NA,"Carbohydrates"
"PFOS",0.182390099641257,-0.266896160867866,0.631676360150379,0.414415354831184,40,"ANAGLYCOLYSIS-PWY glycolysis III",0.867034562725944,0.1636960223264,0.205732987375782,NA,NA,"Carbohydrates"
"PFBS",0.0562480238545117,-0.340783326704591,0.453279374413614,0.774767443548744,40,"PWY-6572 chondroitin sulfate degradation I",0.830107975230797,0.0558532640358673,0.201145359987174,NA,NA,"Cell Wall"
"PFHxS",0.222900974994444,-0.331755209107021,0.77755715909591,0.419076462803429,40,"PWY-6572 chondroitin sulfate degradation I",0.898020991721633,0.221419059861697,0.281106457638282,NA,NA,"Cell Wall"
"PFNA",0.285882202780887,-0.0509541617506163,0.622718567312391,0.0934832901875699,40,"PWY-6572 chondroitin sulfate degradation I",0.669921110973519,0.44263583473915,0.266086199595122,NA,NA,"Cell Wall"
"PFOA",-0.0819469290227245,-0.529287635824446,0.365393777778997,0.711505186978381,40,"PWY-6572 chondroitin sulfate degradation I",0.762326986048265,-0.0703904763967191,0.196048520763659,NA,NA,"Cell Wall"
"PFOS",0.0377361800249824,-0.49516542867623,0.570637788726195,0.886215022889591,40,"PWY-6572 chondroitin sulfate degradation I",0.947690433758835,0.0338684094149444,0.244021350243882,NA,NA,"Cell Wall"
"PFBS",-0.00445330354461468,-0.513953995833944,0.505047388744715,0.985905867021816,40,"P461-PWY hexitol fermentation to lactate, formate, ethanol and acetate",0.985905867021816,-0.00442204937461597,0.258124956681465,NA,NA,"SCFAs"
"PFHxS",0.148439236146857,-0.567829353891811,0.864707826185526,0.675750484554023,40,"P461-PWY hexitol fermentation to lactate, formate, ethanol and acetate",0.99212229389728,0.14745236585459,0.363013578203437,NA,NA,"SCFAs"
"PFNA",-0.137824939950258,-0.586493122262823,0.310843242362306,0.535936888778815,40,"P461-PWY hexitol fermentation to lactate, formate, ethanol and acetate",0.669921110973519,-0.213396485508102,0.35442851212591,NA,NA,"SCFAs"
"PFOA",0.147732709646487,-0.424364136144312,0.719829555437286,0.602516395598855,40,"P461-PWY hexitol fermentation to lactate, formate, ethanol and acetate",0.762326986048265,0.126898908054391,0.250723304732816,NA,NA,"SCFAs"
"PFOS",-0.0642445518087886,-0.747049759769791,0.618560656152213,0.8492247439868,40,"P461-PWY hexitol fermentation to lactate, formate, ethanol and acetate",0.947690433758835,-0.057659805043838,0.312663812755759,NA,NA,"SCFAs"
"PFBS",-0.164472054455371,-0.548893627914169,0.219949519003426,0.389979705697887,40,"PWY-7237 myo-, chiro- and scillo-inositol degradation",0.756978118481022,-0.16331775686517,0.19475695224399,NA,NA,"Carbohydrates"
"PFHxS",0.00267866349594692,-0.54564311862591,0.551000445617803,0.99212229389728,40,"PWY-7237 myo-, chiro- and scillo-inositol degradation",0.99212229389728,0.00266085490641392,0.277896106157879,NA,NA,"Carbohydrates"
"PFNA",-0.321255403351488,-0.645863567459161,0.00335276075618585,0.0522721352832186,40,"PWY-7237 myo-, chiro- and scillo-inositol degradation",0.669921110973519,-0.497404708106072,0.256426448685537,NA,NA,"Carbohydrates"
"PFOA",0.361778115332348,-0.0570555217433875,0.780611752408083,0.0880595688369641,40,"PWY-7237 myo-, chiro- and scillo-inositol degradation",0.44029784418482,0.310758855662417,0.183555204671227,NA,NA,"Carbohydrates"
"PFOS",-0.0169298669388165,-0.5384495061666,0.504589772288967,0.947690433758835,40,"PWY-7237 myo-, chiro- and scillo-inositol degradation",0.947690433758835,-0.0151946398507949,0.238809424601342,NA,NA,"Carbohydrates"
"PFBS",-0.242375501992027,-0.726908977181175,0.242157973197122,0.315881178304938,40,"BIFIDOSHUNT-PWY bifidobacterium shunt",0.756978118481022,-0.240674462512707,0.245475981066764,NA,NA,"Carbohydrates"
"PFHxS",-0.458528864643616,-1.13265582089491,0.215598091607677,0.175486086555449,40,"BIFIDOSHUNT-PWY bifidobacterium shunt",0.658072824582933,-0.455480421884073,0.341655688879171,NA,NA,"Carbohydrates"
"PFNA",0.150954384372154,-0.281835936876803,0.58374470562111,0.48255966797242,40,"BIFIDOSHUNT-PWY bifidobacterium shunt",0.669921110973519,0.233725007307695,0.341885686727616,NA,NA,"Carbohydrates"
"PFOA",-0.562051619294532,-1.07904951326727,-0.045053725321795,0.0340419186699727,40,"BIFIDOSHUNT-PWY bifidobacterium shunt",0.255314390024795,-0.482789064990079,0.226576009762079,NA,NA,"Carbohydrates"
"PFOS",-0.335526872079818,-0.984547748791701,0.313494004632066,0.300208901390587,40,"BIFIDOSHUNT-PWY bifidobacterium shunt",0.867034562725944,-0.301137037871661,0.297193605884759,NA,NA,"Carbohydrates"
"PFBS",-0.0935040674754748,-0.458695395648575,0.271687260697625,0.605582494784817,40,"PWY-7456 mannan degradation",0.756978118481022,-0.0928478373328017,0.185014460611563,NA,NA,"Carbohydrates"
"PFHxS",-0.342123722985192,-0.844235172048785,0.1599877260784,0.174754451747291,40,"PWY-7456 mannan degradation",0.658072824582933,-0.339849177876647,0.254476150869113,NA,NA,"Carbohydrates"
"PFNA",0.19384331572538,-0.12349172663739,0.51117835808815,0.22244245470478,40,"PWY-7456 mannan degradation",0.669921110973519,0.300130602849981,0.250680996210459,NA,NA,"Carbohydrates"
"PFOA",0.18662658207948,-0.22144853087808,0.594701695037039,0.358540085510184,40,"PWY-7456 mannan degradation",0.749777212720423,0.160307825778597,0.178840246459513,NA,NA,"Carbohydrates"
"PFOS",-0.0447707267608292,-0.536271203370022,0.446729749848363,0.853973440365014,40,"PWY-7456 mannan degradation",0.947690433758835,-0.0401819501268154,0.225063328744674,NA,NA,"Carbohydrates"
"PFBS",0.130450707054503,-0.321588678257299,0.582490092366306,0.560776454698258,40,"UDPNAGSYN-PWY UDP-N-acetylglucosamine biosynthesis I",0.756978118481022,0.129535178046906,0.229013715815845,NA,NA,"Cell Wall"
"PFHxS",0.00581809959426895,-0.634861628323776,0.646497827512314,0.985356694142003,40,"UDPNAGSYN-PWY UDP-N-acetylglucosamine biosynthesis I",0.99212229389728,0.00577941905537587,0.32470422931903,NA,NA,"Cell Wall"
"PFNA",-0.209241761341121,-0.60477952436753,0.186296001685289,0.289291229691539,40,"UDPNAGSYN-PWY UDP-N-acetylglucosamine biosynthesis I",0.669921110973519,-0.323972254280213,0.312457772504577,NA,NA,"Cell Wall"
"PFOA",0.609596044243963,0.14647412890429,1.07271795958364,0.0115022227408893,40,"UDPNAGSYN-PWY UDP-N-acetylglucosamine biosynthesis I",0.172533341113339,0.523628602994858,0.20296468677021,NA,NA,"Cell Wall"
"PFOS",0.324036745952275,-0.274095968002474,0.922169459907025,0.278038333929469,40,"UDPNAGSYN-PWY UDP-N-acetylglucosamine biosynthesis I",0.867034562725944,0.290824592476835,0.273891371504775,NA,NA,"Cell Wall"
"PFBS",0.383113407448758,-0.0842054583885608,0.850432273286078,0.104693982514459,40,"PWY-7013 L-1,2-propanediol degradation",0.756978118481022,0.380424641357422,0.236754657699639,NA,NA,"SCFAs"
"PFHxS",0.766102820237757,0.137033394378783,1.39517224609673,0.018561602352798,40,"PWY-7013 L-1,2-propanediol degradation",0.278424035291971,0.761009529988223,0.318819987914198,NA,NA,"SCFAs"
"PFNA",-0.152416335124217,-0.580607100125107,0.275774429876673,0.473687191862724,40,"PWY-7013 L-1,2-propanediol degradation",0.669921110973519,-0.235988568261096,0.33825223567914,NA,NA,"SCFAs"
"PFOA",-0.135049690724662,-0.682369498560645,0.412270117111321,0.618681619770893,40,"PWY-7013 L-1,2-propanediol degradation",0.762326986048265,-0.116004494380776,0.239864687204634,NA,NA,"SCFAs"
"PFOS",0.878641526629505,0.30698870126943,1.45029435198958,0.00370901208915263,40,"PWY-7013 L-1,2-propanediol degradation",0.0556351813372895,0.788585143837004,0.261765947104333,NA,NA,"SCFAs"
"PFBS",-0.293676580710751,-0.737353252663125,0.150000091241623,0.187035519266878,40,"COLANSYN-PWY colanic acid building blocks biosynthesis",0.756978118481022,-0.291615500057654,0.224776969808803,NA,NA,"Cell Wall"
"PFHxS",0.467544326855505,-0.153006937611567,1.08809559132258,0.134687925450364,40,"COLANSYN-PWY colanic acid building blocks biosynthesis",0.658072824582933,0.464435946494161,0.314502880770882,NA,NA,"Cell Wall"
"PFNA",0.164556678788609,-0.235170588198328,0.564283945775545,0.407942717621463,40,"COLANSYN-PWY colanic acid building blocks biosynthesis",0.669921110973519,0.254785650064844,0.315767299932222,NA,NA,"Cell Wall"
"PFOA",0.0764744115920684,-0.437135440895453,0.59008426407959,0.763631171147534,40,"COLANSYN-PWY colanic acid building blocks biosynthesis",0.763631171147534,0.0656897131878085,0.225091189553761,NA,NA,"Cell Wall"
"PFOS",0.295183002269947,-0.307104583310182,0.897470587850076,0.325619924565488,40,"COLANSYN-PWY colanic acid building blocks biosynthesis",0.867034562725944,0.264928213894265,0.275793931691422,NA,NA,"Cell Wall"
"PFBS",0.0969400116208954,-0.343510401876888,0.537390425118679,0.656947101626135,40,"RHAMCAT-PWY L-rhamnose degradation I",0.758015886491695,0.0962596673388308,0.223142471884782,NA,NA,"Carbohydrates"
"PFHxS",-0.250768740725874,-0.867050147360555,0.365512665908807,0.413334286031617,40,"RHAMCAT-PWY L-rhamnose degradation I",0.898020991721633,-0.249101552003569,0.312338865216224,NA,NA,"Carbohydrates"
"PFNA",0.188480520444474,-0.197040583171975,0.574001624060924,0.32679287579604,40,"RHAMCAT-PWY L-rhamnose degradation I",0.669921110973519,0.291827303999586,0.304545043608034,NA,NA,"Carbohydrates"
"PFOA",-0.373141917790957,-0.852935088005726,0.106651252423811,0.122993488687614,40,"RHAMCAT-PWY L-rhamnose degradation I",0.461225582578553,-0.320520093554784,0.210270918480942,NA,NA,"Carbohydrates"
"PFOS",-0.192209715832348,-0.780608498317766,0.396189066653069,0.510564972677101,40,"RHAMCAT-PWY L-rhamnose degradation I",0.867034562725944,-0.172509176737826,0.26943410010318,NA,NA,"Carbohydrates"
"Mixture",-0.314142696284334,-1.5260138022609,0.897728409692235,0.615534205582966,40,"PWY-6737 starch degradation V",0.893973173898091,-0.482777389757442,NA,-2.01753134099575,1.05197656148087,"Carbohydrates"
"Mixture",-0.47015079791895,-1.6672856615393,0.726984065701399,0.448138524576736,40,"PWY-7111 pyruvate fermentation to isobutanol",0.893973173898091,-1.27789866326006,NA,-2.55330596122982,-0.00249136529030203,"SCFAs"
"Mixture",-0.46334551007441,-1.81589699026767,0.889205970118847,0.507652463299362,40,"COA-PWY coenzyme A biosynthesis I",0.893973173898091,-0.483092558217334,NA,-2.24345688275433,1.27727176631966,"Vitamins & Cofactors"
"Mixture",0.110201127343325,-0.787686835268333,1.00808908995498,0.811718261096126,40,"PWY-5484 glycolysis II",0.893973173898091,0.0194364074913634,NA,-1.20686726046239,1.24574007544512,"Carbohydrates"
"Mixture",0.673483732240471,-0.260695979765454,1.6076634442464,0.169078221381382,40,"PWY-6588 pyruvate fermentation to acetone",0.845391106906912,0.479711462970078,NA,-0.995942545687608,1.95536547162776,"SCFAs"
"Mixture",0.0828739415283488,-0.722458905992648,0.888206789049345,0.841668700728872,40,"ANAGLYCOLYSIS-PWY glycolysis III",0.893973173898091,-0.0193458115983102,NA,-0.977762172709781,0.939070549513161,"Carbohydrates"
"Mixture",0.50494408023564,-0.33376786735014,1.34365602782142,0.248296266219191,40,"PWY-6572 chondroitin sulfate degradation I",0.893973173898091,0.824697584550594,NA,-0.298999516930291,1.94839468603148,"Cell Wall"
"Mixture",-0.210949799092883,-1.44170885782044,1.01980925963467,0.739517175425886,40,"P461-PWY hexitol fermentation to lactate, formate, ethanol and acetate",0.893973173898091,-0.0456536813016907,NA,-1.7817955483432,1.69048818573982,"SCFAs"
"Mixture",-0.221471577094957,-1.07300647945314,0.630063325263226,0.614363080647786,40,"PWY-7237 myo-, chiro- and scillo-inositol degradation",0.893973173898091,-0.442470836333195,NA,-1.61070478472937,0.72576311206298,"Carbohydrates"
"Mixture",-1.18433078632895,-2.17714866404195,-0.19151290861595,0.0270428290946136,40,"BIFIDOSHUNT-PWY bifidobacterium shunt",0.241557096018212,-1.23927971493347,NA,-2.60612491799373,0.127565488126785,"Carbohydrates"
"Mixture",-0.0502449331033661,-0.782205321335338,0.681715455128606,0.893973173898091,40,"PWY-7456 mannan degradation",0.893973173898091,0.189981582883273,NA,-0.808480196562009,1.18844336232856,"Carbohydrates"
"Mixture",0.531110909650044,-0.512098143158507,1.57431996245859,0.327215104123585,40,"UDPNAGSYN-PWY UDP-N-acetylglucosamine biosynthesis I",0.893973173898091,0.624287170511873,NA,-0.794899274193044,2.04347361521679,"Cell Wall"
"Mixture",1.07613649239138,0.142210000102378,2.01006298468038,0.0322076128024282,40,"PWY-7013 L-1,2-propanediol degradation",0.241557096018212,1.30009620957497,NA,0.00636832551040256,2.59382409363954,"SCFAs"
"Mixture",0.261586246690653,-0.878598400096836,1.40177089347814,0.656542240058349,40,"COLANSYN-PWY colanic acid building blocks biosynthesis",0.893973173898091,0.880821504716295,NA,-0.721226874045311,2.4828698834779,"Cell Wall"
"Mixture",-0.32570043018202,-1.42460450249383,0.773203642129787,0.566120996834147,40,"RHAMCAT-PWY L-rhamnose degradation I",0.893973173898091,-0.32851326729696,NA,-1.66662314795421,1.00959661336029,"Carbohydrates"
