"clr_col","met_label","rho","p_val","FDR","name"
"X102684_CLR","METAB_C18_035",0.144465290806754,0.37379660007456,0.947927445583036,"Streptococcus infantarius"
"X102684_CLR","METAB_C18_006",0.112007504690432,0.491386976289577,0.953903699734449,"Streptococcus infantarius"
"X102684_CLR","METAB_C18_014",0.214821763602251,0.183132398824126,0.905468283215174,"Streptococcus infantarius"
"X102684_CLR","METAB_C18_019",0.149155722326454,0.358313674585967,0.947927445583036,"Streptococcus infantarius"
"X102684_CLR","METAB_C18_020",0.0180112570356473,0.912163653395927,0.986051689208155,"Streptococcus infantarius"
"X102684_CLR","METAB_C18_021",0.076735459662289,0.637909829735134,0.953903699734449,"Streptococcus infantarius"
"X102684_CLR","METAB_C18_033",-0.187804878048781,0.245853694102702,0.928142933208911,"Streptococcus infantarius"
"X102684_CLR","METAB_C18_036",-0.0902439024390244,0.579725285313492,0.953903699734449,"Streptococcus infantarius"
"X102684_CLR","METAB_C18_003",0.00187617260787993,0.99083275987266,0.9970840706605,"Streptococcus infantarius"
"X102684_CLR","METAB_C18_044",0.0232645403377111,0.886691960493025,0.986051689208155,"Streptococcus infantarius"
"X102684_CLR","METAB_C18_050",0.207129455909944,0.199694675119465,0.905468283215174,"Streptococcus infantarius"
"X102684_CLR","METAB_HILIC_011",0.232270168855535,0.149236754752104,0.88160231048002,"Streptococcus infantarius"
"X102684_CLR","METAB_HILIC_025",0.0808630393996248,0.619880889343175,0.953903699734449,"Streptococcus infantarius"
"X102684_CLR","METAB_HILIC_030",-0.0307692307692308,0.850504013801417,0.986051689208155,"Streptococcus infantarius"
"X102684_CLR","METAB_HILIC_034",-0.0619136960600375,0.704298654563046,0.976831612198311,"Streptococcus infantarius"
"X102684_CLR","METAB_HILIC_015",0.0183864915572233,0.910341066793703,0.986051689208155,"Streptococcus infantarius"
"X102684_CLR","METAB_HILIC_017",0.0969981238273921,0.551560304564817,0.953903699734449,"Streptococcus infantarius"
"X102684_CLR","METAB_HILIC_010",-0.1953095684803,0.227143667433951,0.919039774951195,"Streptococcus infantarius"
"X102684_CLR","METAB_HILIC_037",-0.143527204502814,0.376940165121583,0.947927445583036,"Streptococcus infantarius"
"X102684_CLR","METAB_HILIC_028",-0.131144465290807,0.419884423051131,0.953903699734449,"Streptococcus infantarius"
"X102684_CLR","METAB_HILIC_036",-0.0855534709193246,0.599657005073276,0.953903699734449,"Streptococcus infantarius"
"X102684_CLR","METAB_HILIC_039",-0.0538461538461539,0.741404810388226,0.986051689208155,"Streptococcus infantarius"
"X1155388_CLR","METAB_C18_035",-0.15797373358349,0.330273588920727,0.947216860388394,"Clostridium sp. C1"
"X1155388_CLR","METAB_C18_006",0.0834896810506567,0.608520233259683,0.953903699734449,"Clostridium sp. C1"
"X1155388_CLR","METAB_C18_014",0.00956848030018762,0.953271759485898,0.992912136690699,"Clostridium sp. C1"
"X1155388_CLR","METAB_C18_019",0.189868667917448,0.240608157456923,0.928142933208911,"Clostridium sp. C1"
"X1155388_CLR","METAB_C18_020",0.114821763602251,0.480494394415707,0.953903699734449,"Clostridium sp. C1"
"X1155388_CLR","METAB_C18_021",-0.0893058161350845,0.583687685817485,0.953903699734449,"Clostridium sp. C1"
"X1155388_CLR","METAB_C18_033",0.0592870544090056,0.716310527464192,0.986051689208155,"Clostridium sp. C1"
"X1155388_CLR","METAB_C18_036",-0.348030018761726,0.0277611034728619,0.83439015852843,"Clostridium sp. C1"
"X1155388_CLR","METAB_C18_003",-0.19249530956848,0.234042201861648,0.927446737811995,"Clostridium sp. C1"
"X1155388_CLR","METAB_C18_044",-0.324015009380863,0.0413840935041262,0.83439015852843,"Clostridium sp. C1"
"X1155388_CLR","METAB_C18_050",-0.11219512195122,0.49065686750012,0.953903699734449,"Clostridium sp. C1"
"X1155388_CLR","METAB_HILIC_011",0.162476547842402,0.316496732185322,0.947216860388394,"Clostridium sp. C1"
"X1155388_CLR","METAB_HILIC_025",-0.0202626641651032,0.901235107965816,0.986051689208155,"Clostridium sp. C1"
"X1155388_CLR","METAB_HILIC_030",0.169981238273921,0.294352635049545,0.947216860388394,"Clostridium sp. C1"
"X1155388_CLR","METAB_HILIC_034",0.195872420262664,0.225780839036073,0.919039774951195,"Clostridium sp. C1"
"X1155388_CLR","METAB_HILIC_015",-0.0938086303939963,0.564779796933619,0.953903699734449,"Clostridium sp. C1"
"X1155388_CLR","METAB_HILIC_017",0.0150093808630394,0.926759548431165,0.986051689208155,"Clostridium sp. C1"
"X1155388_CLR","METAB_HILIC_010",0.224577861163227,0.163563682836656,0.893882299105997,"Clostridium sp. C1"
"X1155388_CLR","METAB_HILIC_037",0.156285178236398,0.335534499134447,0.947216860388394,"Clostridium sp. C1"
"X1155388_CLR","METAB_HILIC_028",-0.0641651031894935,0.694058686953097,0.973207565441925,"Clostridium sp. C1"
"X1155388_CLR","METAB_HILIC_036",-0.0791744840525329,0.62723065851636,0.953903699734449,"Clostridium sp. C1"
"X1155388_CLR","METAB_HILIC_039",0.0581613508442777,0.721479372328449,0.986051689208155,"Clostridium sp. C1"
"X1343_CLR","METAB_C18_035",-0.0801125703564728,0.623143009978214,0.953903699734449,"Streptococcus vestibularis"
"X1343_CLR","METAB_C18_006",-0.1,0.53925338025447,0.953903699734449,"Streptococcus vestibularis"
"X1343_CLR","METAB_C18_014",-0.051594746716698,0.751868094369384,0.986051689208155,"Streptococcus vestibularis"
"X1343_CLR","METAB_C18_019",0.172232645403377,0.287908863233421,0.947216860388394,"Streptococcus vestibularis"
"X1343_CLR","METAB_C18_020",-0.282551594746717,0.0773051162978686,0.83439015852843,"Streptococcus vestibularis"
"X1343_CLR","METAB_C18_021",-0.0677298311444653,0.677955116378242,0.964529873322954,"Streptococcus vestibularis"
"X1343_CLR","METAB_C18_033",0.0403377110694184,0.804808548332127,0.986051689208155,"Streptococcus vestibularis"
"X1343_CLR","METAB_C18_036",0.0390243902439024,0.811046270731769,0.986051689208155,"Streptococcus vestibularis"
"X1343_CLR","METAB_C18_003",0.222138836772983,0.168307554824962,0.90506009931944,"Streptococcus vestibularis"
"X1343_CLR","METAB_C18_044",-0.163789868667917,0.312547706502203,0.947216860388394,"Streptococcus vestibularis"
"X1343_CLR","METAB_C18_050",-0.124015009380863,0.445810139989998,0.953903699734449,"Streptococcus vestibularis"
"X1343_CLR","METAB_HILIC_011",0.00825515947467167,0.959679778920516,0.992912136690699,"Streptococcus vestibularis"
"X1343_CLR","METAB_HILIC_025",-0.134333958724203,0.408567517571168,0.951336044563524,"Streptococcus vestibularis"
"X1343_CLR","METAB_HILIC_030",0.106191369606004,0.514295190396102,0.953903699734449,"Streptococcus vestibularis"
"X1343_CLR","METAB_HILIC_034",0.0150093808630394,0.926759548431165,0.986051689208155,"Streptococcus vestibularis"
"X1343_CLR","METAB_HILIC_015",-0.0469043151969981,0.773805768800952,0.986051689208155,"Streptococcus vestibularis"
"X1343_CLR","METAB_HILIC_017",0.0118198874296435,0.942293546427651,0.988122691231804,"Streptococcus vestibularis"
"X1343_CLR","METAB_HILIC_010",0.295121951219512,0.0644945742720232,0.83439015852843,"Streptococcus vestibularis"
"X1343_CLR","METAB_HILIC_037",-0.229080675422139,0.155061266142132,0.891253043231355,"Streptococcus vestibularis"
"X1343_CLR","METAB_HILIC_028",-0.129268292682927,0.426623157128043,0.953903699734449,"Streptococcus vestibularis"
"X1343_CLR","METAB_HILIC_036",0.2,0.215957892720908,0.919039774951195,"Streptococcus vestibularis"
"X1343_CLR","METAB_HILIC_039",-0.160412757973734,0.322765536815647,0.947216860388394,"Streptococcus vestibularis"
"X1345_CLR","METAB_C18_035",-0.177485928705441,0.273231203441197,0.947216860388394,"Streptococcus ferus"
"X1345_CLR","METAB_C18_006",0.0979362101313321,0.547700198603687,0.953903699734449,"Streptococcus ferus"
"X1345_CLR","METAB_C18_014",-0.168855534709193,0.29760904586773,0.947216860388394,"Streptococcus ferus"
"X1345_CLR","METAB_C18_019",0.106191369606004,0.514295190396102,0.953903699734449,"Streptococcus ferus"
"X1345_CLR","METAB_C18_020",-0.0333958724202627,0.837905449415709,0.986051689208155,"Streptococcus ferus"
"X1345_CLR","METAB_C18_021",-0.0772983114446529,0.635438892605592,0.953903699734449,"Streptococcus ferus"
"X1345_CLR","METAB_C18_033",0.227767354596623,0.157507133230169,0.89326254583474,"Streptococcus ferus"
"X1345_CLR","METAB_C18_036",-0.143527204502814,0.376940165121583,0.947927445583036,"Streptococcus ferus"
"X1345_CLR","METAB_C18_003",0.240525328330206,0.134908101900783,0.860472613425389,"Streptococcus ferus"
"X1345_CLR","METAB_C18_044",-0.0990619136960601,0.543085065885051,0.953903699734449,"Streptococcus ferus"
"X1345_CLR","METAB_C18_050",0.0838649155722327,0.606904575773607,0.953903699734449,"Streptococcus ferus"
"X1345_CLR","METAB_HILIC_011",-0.239962476547842,0.135851364420527,0.860472613425389,"Streptococcus ferus"
"X1345_CLR","METAB_HILIC_025",0.0727954971857411,0.655313406443739,0.953903699734449,"Streptococcus ferus"
"X1345_CLR","METAB_HILIC_030",0.051031894934334,0.754490852864471,0.986051689208155,"Streptococcus ferus"
"X1345_CLR","METAB_HILIC_034",0.266604127579737,0.0963252345960648,0.83439015852843,"Streptococcus ferus"
"X1345_CLR","METAB_HILIC_015",-0.138086303939963,0.395479430439336,0.949211710938692,"Streptococcus ferus"
"X1345_CLR","METAB_HILIC_017",0.115572232645403,0.47761119425532,0.953903699734449,"Streptococcus ferus"
"X1345_CLR","METAB_HILIC_010",0.172795497185741,0.286312303039019,0.947216860388394,"Streptococcus ferus"
"X1345_CLR","METAB_HILIC_037",-0.0530956848030019,0.744887579427768,0.986051689208155,"Streptococcus ferus"
"X1345_CLR","METAB_HILIC_028",-0.170731707317073,0.29219448215942,0.947216860388394,"Streptococcus ferus"
"X1345_CLR","METAB_HILIC_036",-0.167354596622889,0.301986732971476,0.947216860388394,"Streptococcus ferus"
"X1345_CLR","METAB_HILIC_039",0.0881801125703565,0.588458483837432,0.953903699734449,"Streptococcus ferus"
"X1443109_CLR","METAB_C18_035",0.135834896810507,0.403302848317625,0.949473126297584,"Clostridium sp. K25"
"X1443109_CLR","METAB_C18_006",0.0120075046904315,0.941379142420526,0.988122691231804,"Clostridium sp. K25"
"X1443109_CLR","METAB_C18_014",0.299249530956848,0.0606762964396291,0.83439015852843,"Clostridium sp. K25"
"X1443109_CLR","METAB_C18_019",-0.0975609756097561,0.549242701334347,0.953903699734449,"Clostridium sp. K25"
"X1443109_CLR","METAB_C18_020",-0.0210131332082552,0.897596149212633,0.986051689208155,"Clostridium sp. K25"
"X1443109_CLR","METAB_C18_021",0.0204502814258912,0.900325178547969,0.986051689208155,"Clostridium sp. K25"
"X1443109_CLR","METAB_C18_033",-0.317073170731707,0.0462036389347093,0.83439015852843,"Clostridium sp. K25"
"X1443109_CLR","METAB_C18_036",0.188555347091933,0.243937395254438,0.928142933208911,"Clostridium sp. K25"
"X1443109_CLR","METAB_C18_003",-0.000375234521575985,0.998166514800666,1,"Clostridium sp. K25"
"X1443109_CLR","METAB_C18_044",-0.119512195121951,0.462624581679594,0.953903699734449,"Clostridium sp. K25"
"X1443109_CLR","METAB_C18_050",0.0784240150093809,0.63050871187074,0.953903699734449,"Clostridium sp. K25"
"X1443109_CLR","METAB_HILIC_011",0.0609756097560976,0.708580664163281,0.978516155273102,"Clostridium sp. K25"
"X1443109_CLR","METAB_HILIC_025",0.0418386491557223,0.797694320650826,0.986051689208155,"Clostridium sp. K25"
"X1443109_CLR","METAB_HILIC_030",0.15797373358349,0.330273588920726,0.947216860388394,"Clostridium sp. K25"
"X1443109_CLR","METAB_HILIC_034",0.00281425891181989,0.986249502820627,0.9970840706605,"Clostridium sp. K25"
"X1443109_CLR","METAB_HILIC_015",-0.0311444652908068,0.848701898522815,0.986051689208155,"Clostridium sp. K25"
"X1443109_CLR","METAB_HILIC_017",0.302439024390244,0.0578507648896614,0.83439015852843,"Clostridium sp. K25"
"X1443109_CLR","METAB_HILIC_010",-0.0654784240150094,0.688109899685906,0.971270168140725,"Clostridium sp. K25"
"X1443109_CLR","METAB_HILIC_037",-0.0726078799249531,0.656146741321142,0.953903699734449,"Clostridium sp. K25"
"X1443109_CLR","METAB_HILIC_028",-0.0275797373358349,0.865851375476089,0.986051689208155,"Clostridium sp. K25"
"X1443109_CLR","METAB_HILIC_036",0.366604127579737,0.0199787423813123,0.757906330111957,"Clostridium sp. K25"
"X1443109_CLR","METAB_HILIC_039",0.0373358348968105,0.819083100404856,0.986051689208155,"Clostridium sp. K25"
"X1463165_CLR","METAB_C18_035",0.0317073170731707,0.846000151021989,0.986051689208155,"Klebsiella quasipneumoniae"
"X1463165_CLR","METAB_C18_006",0.184990619136961,0.253129890875158,0.928142933208911,"Klebsiella quasipneumoniae"
"X1463165_CLR","METAB_C18_014",0.262476547842402,0.101789564055994,0.83439015852843,"Klebsiella quasipneumoniae"
"X1463165_CLR","METAB_C18_019",-0.281801125703565,0.0781286624507917,0.83439015852843,"Klebsiella quasipneumoniae"
"X1463165_CLR","METAB_C18_020",0.0904315196998124,0.578934261067062,0.953903699734449,"Klebsiella quasipneumoniae"
"X1463165_CLR","METAB_C18_021",0.366041275797373,0.0201843105396611,0.757906330111957,"Klebsiella quasipneumoniae"
"X1463165_CLR","METAB_C18_033",0.0150093808630394,0.926759548431165,0.986051689208155,"Klebsiella quasipneumoniae"
"X1463165_CLR","METAB_C18_036",0.175234521575985,0.279460326516559,0.947216860388394,"Klebsiella quasipneumoniae"
"X1463165_CLR","METAB_C18_003",-0.0690431519699813,0.67205718317729,0.959222556749688,"Klebsiella quasipneumoniae"
"X1463165_CLR","METAB_C18_044",0.0180112570356473,0.912163653395927,0.986051689208155,"Klebsiella quasipneumoniae"
"X1463165_CLR","METAB_C18_050",0.0174484052532833,0.914898362267865,0.986051689208155,"Klebsiella quasipneumoniae"
"X1463165_CLR","METAB_HILIC_011",-0.196622889305816,0.223972465037119,0.919039774951195,"Klebsiella quasipneumoniae"
"X1463165_CLR","METAB_HILIC_025",-0.121763602251407,0.45417525189453,0.953903699734449,"Klebsiella quasipneumoniae"
"X1463165_CLR","METAB_HILIC_030",-0.0305816135084428,0.851405353208203,0.986051689208155,"Klebsiella quasipneumoniae"
"X1463165_CLR","METAB_HILIC_034",-0.142589118198874,0.380099326267764,0.947927445583036,"Klebsiella quasipneumoniae"
"X1463165_CLR","METAB_HILIC_015",0.0450281425891182,0.782630694222183,0.986051689208155,"Klebsiella quasipneumoniae"
"X1463165_CLR","METAB_HILIC_017",0.133020637898687,0.413206150385523,0.953903699734449,"Klebsiella quasipneumoniae"
"X1463165_CLR","METAB_HILIC_010",-0.00844277673545966,0.958764185146532,0.992912136690699,"Klebsiella quasipneumoniae"
"X1463165_CLR","METAB_HILIC_037",0.16360225140713,0.313109937128957,0.947216860388394,"Klebsiella quasipneumoniae"
"X1463165_CLR","METAB_HILIC_028",-0.153095684803002,0.345612163885367,0.947927445583036,"Klebsiella quasipneumoniae"
"X1463165_CLR","METAB_HILIC_036",0.278424015009381,0.0819197612695114,0.83439015852843,"Klebsiella quasipneumoniae"
"X1463165_CLR","METAB_HILIC_039",0.19249530956848,0.234042201861647,0.927446737811995,"Klebsiella quasipneumoniae"
"X1501_CLR","METAB_C18_035",0.0116322701688555,0.94320802344854,0.988122691231804,"Clostridium pasteurianum"
"X1501_CLR","METAB_C18_006",0.265853658536585,0.0973016154824867,0.83439015852843,"Clostridium pasteurianum"
"X1501_CLR","METAB_C18_014",0.107692307692308,0.50833282346276,0.953903699734449,"Clostridium pasteurianum"
"X1501_CLR","METAB_C18_019",-0.384990619136961,0.0141645317233309,0.757906330111957,"Clostridium pasteurianum"
"X1501_CLR","METAB_C18_020",0.134333958724203,0.408567517571168,0.951336044563524,"Clostridium pasteurianum"
"X1501_CLR","METAB_C18_021",0.262288930581614,0.102043454265234,0.83439015852843,"Clostridium pasteurianum"
"X1501_CLR","METAB_C18_033",0.100375234521576,0.53772435506965,0.953903699734449,"Clostridium pasteurianum"
"X1501_CLR","METAB_C18_036",-0.0363977485928706,0.823555957721984,0.986051689208155,"Clostridium pasteurianum"
"X1501_CLR","METAB_C18_003",-0.108067542213884,0.506847688874387,0.953903699734449,"Clostridium pasteurianum"
"X1501_CLR","METAB_C18_044",-0.113696060037523,0.484836205346361,0.953903699734449,"Clostridium pasteurianum"
"X1501_CLR","METAB_C18_050",0.0913696060037524,0.574986459141657,0.953903699734449,"Clostridium pasteurianum"
"X1501_CLR","METAB_HILIC_011",-0.242213883677298,0.132107465704885,0.860472613425389,"Clostridium pasteurianum"
"X1501_CLR","METAB_HILIC_025",-0.025891181988743,0.873996519912365,0.986051689208155,"Clostridium pasteurianum"
"X1501_CLR","METAB_HILIC_030",0.0863039399624766,0.596447985195626,0.953903699734449,"Clostridium pasteurianum"
"X1501_CLR","METAB_HILIC_034",0.139774859287054,0.38967008481797,0.947927445583036,"Clostridium pasteurianum"
"X1501_CLR","METAB_HILIC_015",-0.124202626641651,0.44511687235429,0.953903699734449,"Clostridium pasteurianum"
"X1501_CLR","METAB_HILIC_017",0.1093808630394,0.501667009804957,0.953903699734449,"Clostridium pasteurianum"
"X1501_CLR","METAB_HILIC_010",0.0707317073170732,0.664502547730569,0.953903699734449,"Clostridium pasteurianum"
"X1501_CLR","METAB_HILIC_037",0.0384615384615385,0.813723133576429,0.986051689208155,"Clostridium pasteurianum"
"X1501_CLR","METAB_HILIC_028",-0.0075046904315197,0.963342652996148,0.992912136690699,"Clostridium pasteurianum"
"X1501_CLR","METAB_HILIC_036",0.0812382739212008,0.618252512926207,0.953903699734449,"Clostridium pasteurianum"
"X1501_CLR","METAB_HILIC_039",0.295872420262664,0.0637865398233699,0.83439015852843,"Clostridium pasteurianum"
"X1502_CLR","METAB_C18_035",0.102063789868668,0.530869714700719,0.953903699734449,"Clostridium perfringens"
"X1502_CLR","METAB_C18_006",-0.297560975609756,0.0622159878659899,0.83439015852843,"Clostridium perfringens"
"X1502_CLR","METAB_C18_014",-0.0818011257035648,0.615813321298885,0.953903699734449,"Clostridium perfringens"
"X1502_CLR","METAB_C18_019",0.120262664165103,0.459798828196988,0.953903699734449,"Clostridium perfringens"
"X1502_CLR","METAB_C18_020",-0.118574108818011,0.466169807814994,0.953903699734449,"Clostridium perfringens"
"X1502_CLR","METAB_C18_021",-0.166791744840525,0.303638914984824,0.947216860388394,"Clostridium perfringens"
"X1502_CLR","METAB_C18_033",-0.0778611632270169,0.632971845824426,0.953903699734449,"Clostridium perfringens"
"X1502_CLR","METAB_C18_036",-0.143714821763602,0.376310203496798,0.947927445583036,"Clostridium perfringens"
"X1502_CLR","METAB_C18_003",-0.249343339587242,0.120757670610191,0.856502423587635,"Clostridium perfringens"
"X1502_CLR","METAB_C18_044",0.215759849906191,0.181181569232758,0.905468283215174,"Clostridium perfringens"
"X1502_CLR","METAB_C18_050",-0.099624765478424,0.540784493200877,0.953903699734449,"Clostridium perfringens"
"X1502_CLR","METAB_HILIC_011",0.130018761726079,0.423920430721282,0.953903699734449,"Clostridium perfringens"
"X1502_CLR","METAB_HILIC_025",-0.0348968105065666,0.830723930988654,0.986051689208155,"Clostridium perfringens"
"X1502_CLR","METAB_HILIC_030",-0.0808630393996248,0.619880889343175,0.953903699734449,"Clostridium perfringens"
"X1502_CLR","METAB_HILIC_034",-0.240525328330206,0.134908101900783,0.860472613425389,"Clostridium perfringens"
"X1502_CLR","METAB_HILIC_015",0.15046904315197,0.354048889131141,0.947927445583036,"Clostridium perfringens"
"X1502_CLR","METAB_HILIC_017",0.0660412757973734,0.685566054081926,0.96982514967687,"Clostridium perfringens"
"X1502_CLR","METAB_HILIC_010",-0.183302063789869,0.257564018952897,0.937266807913505,"Clostridium perfringens"
"X1502_CLR","METAB_HILIC_037",-0.0553470919324578,0.734454568730975,0.986051689208155,"Clostridium perfringens"
"X1502_CLR","METAB_HILIC_028",0.0454033771106942,0.780863520955924,0.986051689208155,"Clostridium perfringens"
"X1502_CLR","METAB_HILIC_036",-0.0696060037523452,0.669535391822648,0.957765874401008,"Clostridium perfringens"
"X1502_CLR","METAB_HILIC_039",-0.0288930581613509,0.859525661489978,0.986051689208155,"Clostridium perfringens"
"X1520_CLR","METAB_C18_035",-0.0217636022514071,0.893959256653462,0.986051689208155,"Clostridium beijerinckii"
"X1520_CLR","METAB_C18_006",-0.0399624765478424,0.806589556031737,0.986051689208155,"Clostridium beijerinckii"
"X1520_CLR","METAB_C18_014",0.10562851782364,0.516540040814159,0.953903699734449,"Clostridium beijerinckii"
"X1520_CLR","METAB_C18_019",-0.050281425891182,0.757992091399125,0.986051689208155,"Clostridium beijerinckii"
"X1520_CLR","METAB_C18_020",-0.107692307692308,0.50833282346276,0.953903699734449,"Clostridium beijerinckii"
"X1520_CLR","METAB_C18_021",0.0382739212007505,0.814615887086545,0.986051689208155,"Clostridium beijerinckii"
"X1520_CLR","METAB_C18_033",0.161163227016886,0.320477039197338,0.947216860388394,"Clostridium beijerinckii"
"X1520_CLR","METAB_C18_036",0.0784240150093809,0.63050871187074,0.953903699734449,"Clostridium beijerinckii"
"X1520_CLR","METAB_C18_003",-0.147842401500938,0.362609330747244,0.947927445583036,"Clostridium beijerinckii"
"X1520_CLR","METAB_C18_044",0.115009380863039,0.479772742068736,0.953903699734449,"Clostridium beijerinckii"
"X1520_CLR","METAB_C18_050",-0.0442776735459662,0.78616826462704,0.986051689208155,"Clostridium beijerinckii"
"X1520_CLR","METAB_HILIC_011",0.102439024390244,0.529352263176986,0.953903699734449,"Clostridium beijerinckii"
"X1520_CLR","METAB_HILIC_025",-0.0461538461538462,0.77733244004883,0.986051689208155,"Clostridium beijerinckii"
"X1520_CLR","METAB_HILIC_030",-0.0964352720450282,0.553882510731863,0.953903699734449,"Clostridium beijerinckii"
"X1520_CLR","METAB_HILIC_034",0.0707317073170732,0.664502547730569,0.953903699734449,"Clostridium beijerinckii"
"X1520_CLR","METAB_HILIC_015",0.051031894934334,0.754490852864471,0.986051689208155,"Clostridium beijerinckii"
"X1520_CLR","METAB_HILIC_017",-0.0198874296435272,0.903055339437561,0.986051689208155,"Clostridium beijerinckii"
"X1520_CLR","METAB_HILIC_010",0.0797373358348968,0.624776741243059,0.953903699734449,"Clostridium beijerinckii"
"X1520_CLR","METAB_HILIC_037",-0.127767354596623,0.432057435753233,0.953903699734449,"Clostridium beijerinckii"
"X1520_CLR","METAB_HILIC_028",-0.0176360225140713,0.913986683638556,0.986051689208155,"Clostridium beijerinckii"
"X1520_CLR","METAB_HILIC_036",0.289118198874297,0.070385424411688,0.83439015852843,"Clostridium beijerinckii"
"X1520_CLR","METAB_HILIC_039",0.0557223264540338,0.732720241389078,0.986051689208155,"Clostridium beijerinckii"
"X1814128_CLR","METAB_C18_035",0.0266416510318949,0.870374822166117,0.986051689208155,"Streptococcus halotolerans"
"X1814128_CLR","METAB_C18_006",-0.171482176360225,0.290046558601396,0.947216860388394,"Streptococcus halotolerans"
"X1814128_CLR","METAB_C18_014",0.176547842401501,0.275815503673545,0.947216860388394,"Streptococcus halotolerans"
"X1814128_CLR","METAB_C18_019",-0.0848030018761726,0.602873505627388,0.953903699734449,"Streptococcus halotolerans"
"X1814128_CLR","METAB_C18_020",-0.0166979362101313,0.91854614015118,0.986051689208155,"Streptococcus halotolerans"
"X1814128_CLR","METAB_C18_021",0.248968105065666,0.121336131664633,0.856502423587635,"Streptococcus halotolerans"
"X1814128_CLR","METAB_C18_033",-0.15140712945591,0.351021547327462,0.947927445583036,"Streptococcus halotolerans"
"X1814128_CLR","METAB_C18_036",-0.0435272045028143,0.789710077681119,0.986051689208155,"Streptococcus halotolerans"
"X1814128_CLR","METAB_C18_003",0.25797373358349,0.108017420207447,0.83439015852843,"Streptococcus halotolerans"
"X1814128_CLR","METAB_C18_044",0.0772983114446529,0.635438892605593,0.953903699734449,"Streptococcus halotolerans"
"X1814128_CLR","METAB_C18_050",0.0969981238273921,0.551560304564817,0.953903699734449,"Streptococcus halotolerans"
"X1814128_CLR","METAB_HILIC_011",0.133395872420263,0.411877781576252,0.953903699734449,"Streptococcus halotolerans"
"X1814128_CLR","METAB_HILIC_025",-0.0831144465290807,0.610137726741783,0.953903699734449,"Streptococcus halotolerans"
"X1814128_CLR","METAB_HILIC_030",0.0714821763602252,0.661155349840057,0.953903699734449,"Streptococcus halotolerans"
"X1814128_CLR","METAB_HILIC_034",-0.237523452157599,0.139995374792124,0.860472613425389,"Streptococcus halotolerans"
"X1814128_CLR","METAB_HILIC_015",0.15703564727955,0.333189956267034,0.947216860388394,"Streptococcus halotolerans"
"X1814128_CLR","METAB_HILIC_017",-0.103001876172608,0.527080063606152,0.953903699734449,"Streptococcus halotolerans"
"X1814128_CLR","METAB_HILIC_010",0.118574108818011,0.466169807814994,0.953903699734449,"Streptococcus halotolerans"
"X1814128_CLR","METAB_HILIC_037",-0.075797373358349,0.642036642073822,0.953903699734449,"Streptococcus halotolerans"
"X1814128_CLR","METAB_HILIC_028",0.234896810506567,0.144561755036915,0.870098110505204,"Streptococcus halotolerans"
"X1814128_CLR","METAB_HILIC_036",0.280487804878049,0.0795863458921432,0.83439015852843,"Streptococcus halotolerans"
"X1814128_CLR","METAB_HILIC_039",0.296060037523452,0.063610497531985,0.83439015852843,"Streptococcus halotolerans"
"X1839799_CLR","METAB_C18_035",0.0163227016885554,0.920370651088189,0.986051689208155,"Streptococcus sp. FDAARGOS_192"
"X1839799_CLR","METAB_C18_006",-0.19437148217636,0.229427537134231,0.920596029507165,"Streptococcus sp. FDAARGOS_192"
"X1839799_CLR","METAB_C18_014",0.0358348968105066,0.826242324956272,0.986051689208155,"Streptococcus sp. FDAARGOS_192"
"X1839799_CLR","METAB_C18_019",-0.229831144465291,0.1536761178681,0.891253043231355,"Streptococcus sp. FDAARGOS_192"
"X1839799_CLR","METAB_C18_020",-0.0431519699812383,0.79148255420287,0.986051689208155,"Streptococcus sp. FDAARGOS_192"
"X1839799_CLR","METAB_C18_021",-0.0148217636022514,0.927672627558397,0.986051689208155,"Streptococcus sp. FDAARGOS_192"
"X1839799_CLR","METAB_C18_033",-0.0724202626641651,0.65698048714122,0.953903699734449,"Streptococcus sp. FDAARGOS_192"
"X1839799_CLR","METAB_C18_036",0.136585365853659,0.400685211571343,0.949473126297584,"Streptococcus sp. FDAARGOS_192"
"X1839799_CLR","METAB_C18_003",0.203001876172608,0.209002143935994,0.919039774951195,"Streptococcus sp. FDAARGOS_192"
"X1839799_CLR","METAB_C18_044",0.00356472795497186,0.982583203827789,0.9970840706605,"Streptococcus sp. FDAARGOS_192"
"X1839799_CLR","METAB_C18_050",-0.0153846153846154,0.924933669068195,0.986051689208155,"Streptococcus sp. FDAARGOS_192"
"X1839799_CLR","METAB_HILIC_011",-0.0718574108818012,0.659484181538281,0.953903699734449,"Streptococcus sp. FDAARGOS_192"
"X1839799_CLR","METAB_HILIC_025",-0.146153846153846,0.368177575374923,0.947927445583036,"Streptococcus sp. FDAARGOS_192"
"X1839799_CLR","METAB_HILIC_030",0.000938086303939963,0.995416307331396,1,"Streptococcus sp. FDAARGOS_192"
"X1839799_CLR","METAB_HILIC_034",-0.10656660412758,0.51280133362138,0.953903699734449,"Streptococcus sp. FDAARGOS_192"
"X1839799_CLR","METAB_HILIC_015",0.075046904315197,0.645345756651071,0.953903699734449,"Streptococcus sp. FDAARGOS_192"
"X1839799_CLR","METAB_HILIC_017",0.246904315196998,0.124554911467447,0.856502423587635,"Streptococcus sp. FDAARGOS_192"
"X1839799_CLR","METAB_HILIC_010",0.050656660412758,0.756240871623167,0.986051689208155,"Streptococcus sp. FDAARGOS_192"
"X1839799_CLR","METAB_HILIC_037",-0.0611632270168856,0.707723549667194,0.978516155273102,"Streptococcus sp. FDAARGOS_192"
"X1839799_CLR","METAB_HILIC_028",-0.248217636022514,0.122499290904577,0.856502423587635,"Streptococcus sp. FDAARGOS_192"
"X1839799_CLR","METAB_HILIC_036",0.287992495309569,0.0715356855788965,0.83439015852843,"Streptococcus sp. FDAARGOS_192"
"X1839799_CLR","METAB_HILIC_039",0.31500938086304,0.0477208230444703,0.83439015852843,"Streptococcus sp. FDAARGOS_192"
"X2020965_CLR","METAB_C18_035",0.0221388367729831,0.89214160789653,0.986051689208155,"Bifidobacterium imperatoris"
"X2020965_CLR","METAB_C18_006",0.119699812382739,0.461917272972281,0.953903699734449,"Bifidobacterium imperatoris"
"X2020965_CLR","METAB_C18_014",0.0964352720450282,0.553882510731863,0.953903699734449,"Bifidobacterium imperatoris"
"X2020965_CLR","METAB_C18_019",0.106191369606004,0.514295190396102,0.953903699734449,"Bifidobacterium imperatoris"
"X2020965_CLR","METAB_C18_020",0.344277673545966,0.0296043373466578,0.83439015852843,"Bifidobacterium imperatoris"
"X2020965_CLR","METAB_C18_021",0.075234521575985,0.644517842669584,0.953903699734449,"Bifidobacterium imperatoris"
"X2020965_CLR","METAB_C18_033",-0.109568480300188,0.500929116116646,0.953903699734449,"Bifidobacterium imperatoris"
"X2020965_CLR","METAB_C18_036",0.119136960600375,0.464040937006536,0.953903699734449,"Bifidobacterium imperatoris"
"X2020965_CLR","METAB_C18_003",0.129831144465291,0.424595209488273,0.953903699734449,"Bifidobacterium imperatoris"
"X2020965_CLR","METAB_C18_044",0.00225140712945591,0.988999414072756,0.9970840706605,"Bifidobacterium imperatoris"
"X2020965_CLR","METAB_C18_050",0.169606003752345,0.29543554773858,0.947216860388394,"Bifidobacterium imperatoris"
"X2020965_CLR","METAB_HILIC_011",0.202626641651032,0.209862985916168,0.919039774951195,"Bifidobacterium imperatoris"
"X2020965_CLR","METAB_HILIC_025",0.0844277673545966,0.60448454574597,0.953903699734449,"Bifidobacterium imperatoris"
"X2020965_CLR","METAB_HILIC_030",0.0123827392120075,0.939550558060545,0.988122691231804,"Bifidobacterium imperatoris"
"X2020965_CLR","METAB_HILIC_034",0.380487804878049,0.0154359699479007,0.757906330111957,"Bifidobacterium imperatoris"
"X2020965_CLR","METAB_HILIC_015",-0.0939962476547843,0.563998148071023,0.953903699734449,"Bifidobacterium imperatoris"
"X2020965_CLR","METAB_HILIC_017",0.197560975609756,0.221726009283184,0.919039774951195,"Bifidobacterium imperatoris"
"X2020965_CLR","METAB_HILIC_010",0.0467166979362101,0.774687019573324,0.986051689208155,"Bifidobacterium imperatoris"
"X2020965_CLR","METAB_HILIC_037",-0.111632270168856,0.492848872064089,0.953903699734449,"Bifidobacterium imperatoris"
"X2020965_CLR","METAB_HILIC_028",0.237898686679175,0.139351831353829,0.860472613425389,"Bifidobacterium imperatoris"
"X2020965_CLR","METAB_HILIC_036",0.115947467166979,0.476173008413414,0.953903699734449,"Bifidobacterium imperatoris"
"X2020965_CLR","METAB_HILIC_039",-0.273733583489681,0.087420917702413,0.83439015852843,"Bifidobacterium imperatoris"
"X2027919_CLR","METAB_C18_035",0.163414634146341,0.31367280647229,0.947216860388394,"Enterobacter cloacae complex sp."
"X2027919_CLR","METAB_C18_006",-0.456472795497186,0.00307028690228612,0.391768608731709,"Enterobacter cloacae complex sp."
"X2027919_CLR","METAB_C18_014",-0.0669793621013133,0.681333916327345,0.965980085815214,"Enterobacter cloacae complex sp."
"X2027919_CLR","METAB_C18_019",0.416697936210131,0.00747886463513557,0.560199470687239,"Enterobacter cloacae complex sp."
"X2027919_CLR","METAB_C18_020",-0.0977485928705441,0.548471192916865,0.953903699734449,"Enterobacter cloacae complex sp."
"X2027919_CLR","METAB_C18_021",-0.0810506566604128,0.619066476803854,0.953903699734449,"Enterobacter cloacae complex sp."
"X2027919_CLR","METAB_C18_033",0.00187617260787993,0.99083275987266,0.9970840706605,"Enterobacter cloacae complex sp."
"X2027919_CLR","METAB_C18_036",-0.0118198874296435,0.942293546427651,0.988122691231804,"Enterobacter cloacae complex sp."
"X2027919_CLR","METAB_C18_003",-0.135084427767355,0.405930290243784,0.951336044563524,"Enterobacter cloacae complex sp."
"X2027919_CLR","METAB_C18_044",0.139774859287054,0.38967008481797,0.947927445583036,"Enterobacter cloacae complex sp."
"X2027919_CLR","METAB_C18_050",0.0855534709193246,0.599657005073275,0.953903699734449,"Enterobacter cloacae complex sp."
"X2027919_CLR","METAB_HILIC_011",0.0223264540337711,0.891232986866665,0.986051689208155,"Enterobacter cloacae complex sp."
"X2027919_CLR","METAB_HILIC_025",0.129268292682927,0.426623157128043,0.953903699734449,"Enterobacter cloacae complex sp."
"X2027919_CLR","METAB_HILIC_030",0.185553470919325,0.251663259562843,0.928142933208911,"Enterobacter cloacae complex sp."
"X2027919_CLR","METAB_HILIC_034",-0.208067542213884,0.197620528393361,0.905468283215174,"Enterobacter cloacae complex sp."
"X2027919_CLR","METAB_HILIC_015",-0.0645403377110694,0.692357167559553,0.972960072473557,"Enterobacter cloacae complex sp."
"X2027919_CLR","METAB_HILIC_017",-0.147842401500938,0.362609330747244,0.947927445583036,"Enterobacter cloacae complex sp."
"X2027919_CLR","METAB_HILIC_010",0.158724202626642,0.327951952020055,0.947216860388394,"Enterobacter cloacae complex sp."
"X2027919_CLR","METAB_HILIC_037",-0.0187617260787993,0.908518932969218,0.986051689208155,"Enterobacter cloacae complex sp."
"X2027919_CLR","METAB_HILIC_028",-0.137523452157599,0.397426983561622,0.949211710938692,"Enterobacter cloacae complex sp."
"X2027919_CLR","METAB_HILIC_036",-0.170544090056285,0.292733061346483,0.947216860388394,"Enterobacter cloacae complex sp."
"X2027919_CLR","METAB_HILIC_039",0.249343339587242,0.120757670610191,0.856502423587635,"Enterobacter cloacae complex sp."
"X2565914_CLR","METAB_C18_035",-0.0459662288930582,0.778214799468226,0.986051689208155,"Enterobacter sp. 18A13"
"X2565914_CLR","METAB_C18_006",-0.182926829268293,0.258556360803726,0.937266807913505,"Enterobacter sp. 18A13"
"X2565914_CLR","METAB_C18_014",0.00281425891181989,0.986249502820627,0.9970840706605,"Enterobacter sp. 18A13"
"X2565914_CLR","METAB_C18_019",-0.00337711069418387,0.983499748377137,0.9970840706605,"Enterobacter sp. 18A13"
"X2565914_CLR","METAB_C18_020",0.0437148217636023,0.78882423034158,0.986051689208155,"Enterobacter sp. 18A13"
"X2565914_CLR","METAB_C18_021",0.00544090056285178,0.973419163574435,0.9970840706605,"Enterobacter sp. 18A13"
"X2565914_CLR","METAB_C18_033",-0.0302063789868668,0.853208590023504,0.986051689208155,"Enterobacter sp. 18A13"
"X2565914_CLR","METAB_C18_036",-0.30281425891182,0.0575253678707247,0.83439015852843,"Enterobacter sp. 18A13"
"X2565914_CLR","METAB_C18_003",-0.170544090056285,0.292733061346483,0.947216860388394,"Enterobacter sp. 18A13"
"X2565914_CLR","METAB_C18_044",-0.0180112570356473,0.912163653395927,0.986051689208155,"Enterobacter sp. 18A13"
"X2565914_CLR","METAB_C18_050",0.210881801125704,0.191489006655284,0.905468283215174,"Enterobacter sp. 18A13"
"X2565914_CLR","METAB_HILIC_011",-0.275797373358349,0.0849661888798069,0.83439015852843,"Enterobacter sp. 18A13"
"X2565914_CLR","METAB_HILIC_025",0.170168855534709,0.293812137780127,0.947216860388394,"Enterobacter sp. 18A13"
"X2565914_CLR","METAB_HILIC_030",-0.0221388367729831,0.89214160789653,0.986051689208155,"Enterobacter sp. 18A13"
"X2565914_CLR","METAB_HILIC_034",-0.0808630393996248,0.619880889343175,0.953903699734449,"Enterobacter sp. 18A13"
"X2565914_CLR","METAB_HILIC_015",-0.161163227016886,0.320477039197338,0.947216860388394,"Enterobacter sp. 18A13"
"X2565914_CLR","METAB_HILIC_017",0.0386491557223265,0.812830612297158,0.986051689208155,"Enterobacter sp. 18A13"
"X2565914_CLR","METAB_HILIC_010",-0.0478424015009381,0.769403731915573,0.986051689208155,"Enterobacter sp. 18A13"
"X2565914_CLR","METAB_HILIC_037",-0.0716697936210132,0.660319562402863,0.953903699734449,"Enterobacter sp. 18A13"
"X2565914_CLR","METAB_HILIC_028",-0.076172607879925,0.640384634615587,0.953903699734449,"Enterobacter sp. 18A13"
"X2565914_CLR","METAB_HILIC_036",-0.0151969981238274,0.92584656188502,0.986051689208155,"Enterobacter sp. 18A13"
"X2565914_CLR","METAB_HILIC_039",0.120637898686679,0.458389437368309,0.953903699734449,"Enterobacter sp. 18A13"
"X2587529_CLR","METAB_C18_035",-0.271669793621013,0.0899302099678959,0.83439015852843,"Klebsiella pasteurii"
"X2587529_CLR","METAB_C18_006",0.0146341463414634,0.928585798118153,0.986051689208155,"Klebsiella pasteurii"
"X2587529_CLR","METAB_C18_014",-0.246904315196998,0.124554911467447,0.856502423587635,"Klebsiella pasteurii"
"X2587529_CLR","METAB_C18_019",-0.174484052532833,0.281557128713594,0.947216860388394,"Klebsiella pasteurii"
"X2587529_CLR","METAB_C18_020",0.301500938086304,0.0586706831935261,0.83439015852843,"Klebsiella pasteurii"
"X2587529_CLR","METAB_C18_021",0.0198874296435272,0.903055339437561,0.986051689208155,"Klebsiella pasteurii"
"X2587529_CLR","METAB_C18_033",-0.051219512195122,0.753616296401574,0.986051689208155,"Klebsiella pasteurii"
"X2587529_CLR","METAB_C18_036",0.166228893058161,0.305296850560206,0.947216860388394,"Klebsiella pasteurii"
"X2587529_CLR","METAB_C18_003",0.0446529080675422,0.784398944901158,0.986051689208155,"Klebsiella pasteurii"
"X2587529_CLR","METAB_C18_044",-0.239774859287054,0.136166868920116,0.860472613425389,"Klebsiella pasteurii"
"X2587529_CLR","METAB_C18_050",0.224390243902439,0.163925123817244,0.893882299105997,"Klebsiella pasteurii"
"X2587529_CLR","METAB_HILIC_011",0.00806754221388368,0.96059542375032,0.992912136690699,"Klebsiella pasteurii"
"X2587529_CLR","METAB_HILIC_025",0.273358348968105,0.0878730730848242,0.83439015852843,"Klebsiella pasteurii"
"X2587529_CLR","METAB_HILIC_030",-0.212570356472796,0.187875236766931,0.905468283215174,"Klebsiella pasteurii"
"X2587529_CLR","METAB_HILIC_034",0.149343339587242,0.357702528046037,0.947927445583036,"Klebsiella pasteurii"
"X2587529_CLR","METAB_HILIC_015",0.172607879924953,0.286843850651726,0.947216860388394,"Klebsiella pasteurii"
"X2587529_CLR","METAB_HILIC_017",0.00412757973733584,0.979833707229034,0.9970840706605,"Klebsiella pasteurii"
"X2587529_CLR","METAB_HILIC_010",0.0333958724202627,0.837905449415709,0.986051689208155,"Klebsiella pasteurii"
"X2587529_CLR","METAB_HILIC_037",-0.175797373358349,0.277894429549279,0.947216860388394,"Klebsiella pasteurii"
"X2587529_CLR","METAB_HILIC_028",-0.106754221388368,0.512055220042155,0.953903699734449,"Klebsiella pasteurii"
"X2587529_CLR","METAB_HILIC_036",-0.0724202626641651,0.65698048714122,0.953903699734449,"Klebsiella pasteurii"
"X2587529_CLR","METAB_HILIC_039",0.0474671669793621,0.771163699140833,0.986051689208155,"Klebsiella pasteurii"
"X2682455_CLR","METAB_C18_035",-0.0545966228893058,0.737927118946274,0.986051689208155,"Veillonella sp. S12025-13"
"X2682455_CLR","METAB_C18_006",-0.21031894934334,0.192704431517541,0.905468283215174,"Veillonella sp. S12025-13"
"X2682455_CLR","METAB_C18_014",-0.118761726078799,0.465459606458318,0.953903699734449,"Veillonella sp. S12025-13"
"X2682455_CLR","METAB_C18_019",0.0718574108818012,0.65948418153828,0.953903699734449,"Veillonella sp. S12025-13"
"X2682455_CLR","METAB_C18_020",0.0409005628517824,0.802138861549373,0.986051689208155,"Veillonella sp. S12025-13"
"X2682455_CLR","METAB_C18_021",-0.265853658536585,0.0973016154824867,0.83439015852843,"Veillonella sp. S12025-13"
"X2682455_CLR","METAB_C18_033",-0.211632270168856,0.189876874667527,0.905468283215174,"Veillonella sp. S12025-13"
"X2682455_CLR","METAB_C18_036",-0.259662288930582,0.105648918765274,0.83439015852843,"Veillonella sp. S12025-13"
"X2682455_CLR","METAB_C18_003",-0.167542213883677,0.301437284286235,0.947216860388394,"Veillonella sp. S12025-13"
"X2682455_CLR","METAB_C18_044",0.0296435272045028,0.855914823631232,0.986051689208155,"Veillonella sp. S12025-13"
"X2682455_CLR","METAB_C18_050",0.0776735459662289,0.633793761100511,0.953903699734449,"Veillonella sp. S12025-13"
"X2682455_CLR","METAB_HILIC_011",-0.0075046904315197,0.963342652996148,0.992912136690699,"Veillonella sp. S12025-13"
"X2682455_CLR","METAB_HILIC_025",0.0212007504690432,0.896686729528205,0.986051689208155,"Veillonella sp. S12025-13"
"X2682455_CLR","METAB_HILIC_030",0.128517823639775,0.429335500072284,0.953903699734449,"Veillonella sp. S12025-13"
"X2682455_CLR","METAB_HILIC_034",-0.135834896810507,0.403302848317626,0.949473126297584,"Veillonella sp. S12025-13"
"X2682455_CLR","METAB_HILIC_015",0.0266416510318949,0.870374822166117,0.986051689208155,"Veillonella sp. S12025-13"
"X2682455_CLR","METAB_HILIC_017",-0.140337711069418,0.387744765693099,0.947927445583036,"Veillonella sp. S12025-13"
"X2682455_CLR","METAB_HILIC_010",-0.436772983114447,0.00483457207860501,0.440636712307143,"Veillonella sp. S12025-13"
"X2682455_CLR","METAB_HILIC_037",-0.00581613508442777,0.971586722465785,0.9970840706605,"Veillonella sp. S12025-13"
"X2682455_CLR","METAB_HILIC_028",-0.0378986866791745,0.816402086493764,0.986051689208155,"Veillonella sp. S12025-13"
"X2682455_CLR","METAB_HILIC_036",-0.267917448405253,0.0946346943420943,0.83439015852843,"Veillonella sp. S12025-13"
"X2682455_CLR","METAB_HILIC_039",-0.172232645403377,0.287908863233421,0.947216860388394,"Veillonella sp. S12025-13"
"X2715212_CLR","METAB_C18_035",0.00187617260787993,0.99083275987266,0.9970840706605,"Bacteroides faecium"
"X2715212_CLR","METAB_C18_006",0.0161350844277674,0.921283058046854,0.986051689208155,"Bacteroides faecium"
"X2715212_CLR","METAB_C18_014",0.321951219512195,0.042772184914498,0.83439015852843,"Bacteroides faecium"
"X2715212_CLR","METAB_C18_019",0.114446529080675,0.481939400695667,0.953903699734449,"Bacteroides faecium"
"X2715212_CLR","METAB_C18_020",0,1,1,"Bacteroides faecium"
"X2715212_CLR","METAB_C18_021",0.111819887429644,0.492117644655333,0.953903699734449,"Bacteroides faecium"
"X2715212_CLR","METAB_C18_033",0.220450281425891,0.171649329181273,0.90506009931944,"Bacteroides faecium"
"X2715212_CLR","METAB_C18_036",-0.0979362101313321,0.547700198603687,0.953903699734449,"Bacteroides faecium"
"X2715212_CLR","METAB_C18_003",0.0564727954971858,0.729255521690025,0.986051689208155,"Bacteroides faecium"
"X2715212_CLR","METAB_C18_044",-0.0924953095684803,0.570265294485947,0.953903699734449,"Bacteroides faecium"
"X2715212_CLR","METAB_C18_050",-0.287242026266417,0.0723107036001134,0.83439015852843,"Bacteroides faecium"
"X2715212_CLR","METAB_HILIC_011",0.130769230769231,0.421227344192798,0.953903699734449,"Bacteroides faecium"
"X2715212_CLR","METAB_HILIC_025",-0.0307692307692308,0.850504013801417,0.986051689208155,"Bacteroides faecium"
"X2715212_CLR","METAB_HILIC_030",0.150281425891182,0.3546562518548,0.947927445583036,"Bacteroides faecium"
"X2715212_CLR","METAB_HILIC_034",0.287242026266417,0.0723107036001134,0.83439015852843,"Bacteroides faecium"
"X2715212_CLR","METAB_HILIC_015",0.0373358348968105,0.819083100404856,0.986051689208155,"Bacteroides faecium"
"X2715212_CLR","METAB_HILIC_017",-0.0465290806754221,0.775568549063321,0.986051689208155,"Bacteroides faecium"
"X2715212_CLR","METAB_HILIC_010",0.214446529080675,0.183916898657016,0.905468283215174,"Bacteroides faecium"
"X2715212_CLR","METAB_HILIC_037",-0.142589118198874,0.380099326267764,0.947927445583036,"Bacteroides faecium"
"X2715212_CLR","METAB_HILIC_028",0.0397748592870544,0.807480421631482,0.986051689208155,"Bacteroides faecium"
"X2715212_CLR","METAB_HILIC_036",0.237148217636023,0.140641110268725,0.860472613425389,"Bacteroides faecium"
"X2715212_CLR","METAB_HILIC_039",-0.146341463414634,0.367556371108252,0.947927445583036,"Bacteroides faecium"
"X2850492_CLR","METAB_C18_035",-0.0622889305816135,0.702588358011932,0.976582510700681,"Enterobacter cloacae complex sp. ECL78"
"X2850492_CLR","METAB_C18_006",-0.0187617260787993,0.908518932969218,0.986051689208155,"Enterobacter cloacae complex sp. ECL78"
"X2850492_CLR","METAB_C18_014",-0.0142589118198874,0.930412408939357,0.986051689208155,"Enterobacter cloacae complex sp. ECL78"
"X2850492_CLR","METAB_C18_019",0.20844277673546,0.196795121612918,0.905468283215174,"Enterobacter cloacae complex sp. ECL78"
"X2850492_CLR","METAB_C18_020",-0.0187617260787993,0.908518932969218,0.986051689208155,"Enterobacter cloacae complex sp. ECL78"
"X2850492_CLR","METAB_C18_021",-0.213508442776736,0.185888591644547,0.905468283215174,"Enterobacter cloacae complex sp. ECL78"
"X2850492_CLR","METAB_C18_033",-0.0981238273921201,0.546929719057084,0.953903699734449,"Enterobacter cloacae complex sp. ECL78"
"X2850492_CLR","METAB_C18_036",-0.0741088180112571,0.649491641585066,0.953903699734449,"Enterobacter cloacae complex sp. ECL78"
"X2850492_CLR","METAB_C18_003",-0.102626641651032,0.528594332338053,0.953903699734449,"Enterobacter cloacae complex sp. ECL78"
"X2850492_CLR","METAB_C18_044",0.257598499061914,0.108549189902601,0.83439015852843,"Enterobacter cloacae complex sp. ECL78"
"X2850492_CLR","METAB_C18_050",-0.0333958724202627,0.837905449415709,0.986051689208155,"Enterobacter cloacae complex sp. ECL78"
"X2850492_CLR","METAB_HILIC_011",0.236585365853659,0.141613831363113,0.860472613425389,"Enterobacter cloacae complex sp. ECL78"
"X2850492_CLR","METAB_HILIC_025",-0.0900562851782364,0.580516795819003,0.953903699734449,"Enterobacter cloacae complex sp. ECL78"
"X2850492_CLR","METAB_HILIC_030",0.220450281425891,0.171649329181273,0.90506009931944,"Enterobacter cloacae complex sp. ECL78"
"X2850492_CLR","METAB_HILIC_034",-0.310131332082552,0.0514669496497243,0.83439015852843,"Enterobacter cloacae complex sp. ECL78"
"X2850492_CLR","METAB_HILIC_015",-0.0268292682926829,0.86946980238513,0.986051689208155,"Enterobacter cloacae complex sp. ECL78"
"X2850492_CLR","METAB_HILIC_017",0.0547842401500938,0.737058496923215,0.986051689208155,"Enterobacter cloacae complex sp. ECL78"
"X2850492_CLR","METAB_HILIC_010",-0.00975609756097561,0.952356555504072,0.992912136690699,"Enterobacter cloacae complex sp. ECL78"
"X2850492_CLR","METAB_HILIC_037",0.209193245778612,0.1951515840297,0.905468283215174,"Enterobacter cloacae complex sp. ECL78"
"X2850492_CLR","METAB_HILIC_028",-0.232833020637899,0.148225765434208,0.88160231048002,"Enterobacter cloacae complex sp. ECL78"
"X2850492_CLR","METAB_HILIC_036",-0.0908067542213884,0.577353674261477,0.953903699734449,"Enterobacter cloacae complex sp. ECL78"
"X2850492_CLR","METAB_HILIC_039",-0.0142589118198874,0.930412408939357,0.986051689208155,"Enterobacter cloacae complex sp. ECL78"
"X2873296_CLR","METAB_C18_035",0.288555347091933,0.0709587209248045,0.83439015852843,"Klebsiella sp. CTHL.F3a"
"X2873296_CLR","METAB_C18_006",-0.15891181988743,0.327373134845077,0.947216860388394,"Klebsiella sp. CTHL.F3a"
"X2873296_CLR","METAB_C18_014",0.00337711069418387,0.983499748377137,0.9970840706605,"Klebsiella sp. CTHL.F3a"
"X2873296_CLR","METAB_C18_019",0.145966228893058,0.368799406567824,0.947927445583036,"Klebsiella sp. CTHL.F3a"
"X2873296_CLR","METAB_C18_020",0.171294559099437,0.290582580546458,0.947216860388394,"Klebsiella sp. CTHL.F3a"
"X2873296_CLR","METAB_C18_021",-0.0647279549718574,0.691506965775485,0.972960072473557,"Klebsiella sp. CTHL.F3a"
"X2873296_CLR","METAB_C18_033",-0.0448405253283302,0.78351468540759,0.986051689208155,"Klebsiella sp. CTHL.F3a"
"X2873296_CLR","METAB_C18_036",0.141838649155722,0.38263786452697,0.947927445583036,"Klebsiella sp. CTHL.F3a"
"X2873296_CLR","METAB_C18_003",0.00637898686679175,0.968838333642626,0.996965898167735,"Klebsiella sp. CTHL.F3a"
"X2873296_CLR","METAB_C18_044",-0.0234521575984991,0.885784178891322,0.986051689208155,"Klebsiella sp. CTHL.F3a"
"X2873296_CLR","METAB_C18_050",-0.0429643527204503,0.792369181278744,0.986051689208155,"Klebsiella sp. CTHL.F3a"
"X2873296_CLR","METAB_HILIC_011",0.105065666041276,0.518789755390524,0.953903699734449,"Klebsiella sp. CTHL.F3a"
"X2873296_CLR","METAB_HILIC_025",0.0103189493433396,0.949611310048051,0.992912136690699,"Klebsiella sp. CTHL.F3a"
"X2873296_CLR","METAB_HILIC_030",-0.187992495309569,0.245373672419211,0.928142933208911,"Klebsiella sp. CTHL.F3a"
"X2873296_CLR","METAB_HILIC_034",-0.270919324577861,0.0908563487142565,0.83439015852843,"Klebsiella sp. CTHL.F3a"
"X2873296_CLR","METAB_HILIC_015",0.206941838649156,0.200111329049122,0.905468283215174,"Klebsiella sp. CTHL.F3a"
"X2873296_CLR","METAB_HILIC_017",0.190243902439024,0.239662617344604,0.928142933208911,"Klebsiella sp. CTHL.F3a"
"X2873296_CLR","METAB_HILIC_010",-0.0737335834896811,0.651152926591563,0.953903699734449,"Klebsiella sp. CTHL.F3a"
"X2873296_CLR","METAB_HILIC_037",0.274671669793621,0.0862984112019563,0.83439015852843,"Klebsiella sp. CTHL.F3a"
"X2873296_CLR","METAB_HILIC_028",0.0833020637898687,0.609328750894067,0.953903699734449,"Klebsiella sp. CTHL.F3a"
"X2873296_CLR","METAB_HILIC_036",0.0369606003752345,0.820871573619069,0.986051689208155,"Klebsiella sp. CTHL.F3a"
"X2873296_CLR","METAB_HILIC_039",0.0797373358348968,0.624776741243059,0.953903699734449,"Klebsiella sp. CTHL.F3a"
"X2912628_CLR","METAB_C18_035",0.310131332082552,0.0514669496497243,0.83439015852843,"Enterobacter cloacae complex sp. ECL414"
"X2912628_CLR","METAB_C18_006",-0.0714821763602252,0.661155349840057,0.953903699734449,"Enterobacter cloacae complex sp. ECL414"
"X2912628_CLR","METAB_C18_014",0.213696060037524,0.185493058189033,0.905468283215174,"Enterobacter cloacae complex sp. ECL414"
"X2912628_CLR","METAB_C18_019",0.180675422138837,0.26456378867365,0.947216860388394,"Enterobacter cloacae complex sp. ECL414"
"X2912628_CLR","METAB_C18_020",-0.145028142589118,0.371917959069447,0.947927445583036,"Enterobacter cloacae complex sp. ECL414"
"X2912628_CLR","METAB_C18_021",0.150844277673546,0.352836057553133,0.947927445583036,"Enterobacter cloacae complex sp. ECL414"
"X2912628_CLR","METAB_C18_033",0.0930581613508443,0.56791138351591,0.953903699734449,"Enterobacter cloacae complex sp. ECL414"
"X2912628_CLR","METAB_C18_036",0.0879924953095685,0.589255294692767,0.953903699734449,"Enterobacter cloacae complex sp. ECL414"
"X2912628_CLR","METAB_C18_003",-0.025140712945591,0.877620753616189,0.986051689208155,"Enterobacter cloacae complex sp. ECL414"
"X2912628_CLR","METAB_C18_044",0.0724202626641651,0.656980487141221,0.953903699734449,"Enterobacter cloacae complex sp. ECL414"
"X2912628_CLR","METAB_C18_050",-0.263227016885553,0.100778827449366,0.83439015852843,"Enterobacter cloacae complex sp. ECL414"
"X2912628_CLR","METAB_HILIC_011",-0.0624765478424015,0.701733750796154,0.976582510700681,"Enterobacter cloacae complex sp. ECL414"
"X2912628_CLR","METAB_HILIC_025",-0.255347091932458,0.11178164953871,0.845170135817435,"Enterobacter cloacae complex sp. ECL414"
"X2912628_CLR","METAB_HILIC_030",0.284427767354597,0.0752759406189693,0.83439015852843,"Enterobacter cloacae complex sp. ECL414"
"X2912628_CLR","METAB_HILIC_034",-0.319887429643527,0.0441978168968012,0.83439015852843,"Enterobacter cloacae complex sp. ECL414"
"X2912628_CLR","METAB_HILIC_015",-0.118386491557223,0.466880586300079,0.953903699734449,"Enterobacter cloacae complex sp. ECL414"
"X2912628_CLR","METAB_HILIC_017",-0.238273921200751,0.138710476371018,0.860472613425389,"Enterobacter cloacae complex sp. ECL414"
"X2912628_CLR","METAB_HILIC_010",0.0675422138836773,0.678799236868348,0.964529873322954,"Enterobacter cloacae complex sp. ECL414"
"X2912628_CLR","METAB_HILIC_037",0.260225140712946,0.104868270349785,0.83439015852843,"Enterobacter cloacae complex sp. ECL414"
"X2912628_CLR","METAB_HILIC_028",-0.0270168855534709,0.868564946706756,0.986051689208155,"Enterobacter cloacae complex sp. ECL414"
"X2912628_CLR","METAB_HILIC_036",0.139774859287054,0.38967008481797,0.947927445583036,"Enterobacter cloacae complex sp. ECL414"
"X2912628_CLR","METAB_HILIC_039",0.109193245778612,0.502405455443702,0.953903699734449,"Enterobacter cloacae complex sp. ECL414"
"X332101_CLR","METAB_C18_035",-0.0532833020637899,0.744016414633512,0.986051689208155,"Clostridium drakei"
"X332101_CLR","METAB_C18_006",-0.0148217636022514,0.927672627558397,0.986051689208155,"Clostridium drakei"
"X332101_CLR","METAB_C18_014",-0.118949343339587,0.464749982699582,0.953903699734449,"Clostridium drakei"
"X332101_CLR","METAB_C18_019",0.0133208255159475,0.934980455600126,0.987611805749802,"Clostridium drakei"
"X332101_CLR","METAB_C18_020",-0.378048780487805,0.0161640191776733,0.757906330111957,"Clostridium drakei"
"X332101_CLR","METAB_C18_021",0.0634146341463415,0.697466162988755,0.975840815760583,"Clostridium drakei"
"X332101_CLR","METAB_C18_033",0.0401500938086304,0.8056989312424,0.986051689208155,"Clostridium drakei"
"X332101_CLR","METAB_C18_036",-0.0915572232645404,0.57419836767948,0.953903699734449,"Clostridium drakei"
"X332101_CLR","METAB_C18_003",0.163977485928705,0.31198611463876,0.947216860388394,"Clostridium drakei"
"X332101_CLR","METAB_C18_044",0.266791744840525,0.0960823190645761,0.83439015852843,"Clostridium drakei"
"X332101_CLR","METAB_C18_050",-0.209193245778612,0.1951515840297,0.905468283215174,"Clostridium drakei"
"X332101_CLR","METAB_HILIC_011",-0.164915572232645,0.309187738290533,0.947216860388394,"Clostridium drakei"
"X332101_CLR","METAB_HILIC_025",-0.413883677298312,0.00793439562017375,0.560199470687239,"Clostridium drakei"
"X332101_CLR","METAB_HILIC_030",0.0193245778611632,0.905786601162694,0.986051689208155,"Clostridium drakei"
"X332101_CLR","METAB_HILIC_034",-0.131332082551595,0.419213869248086,0.953903699734449,"Clostridium drakei"
"X332101_CLR","METAB_HILIC_015",0.0395872420262664,0.808371526972132,0.986051689208155,"Clostridium drakei"
"X332101_CLR","METAB_HILIC_017",0.0172607879924953,0.915810148377904,0.986051689208155,"Clostridium drakei"
"X332101_CLR","METAB_HILIC_010",-0.237898686679175,0.139351831353829,0.860472613425389,"Clostridium drakei"
"X332101_CLR","METAB_HILIC_037",-0.0444652908067542,0.785283471656688,0.986051689208155,"Clostridium drakei"
"X332101_CLR","METAB_HILIC_028",-0.131332082551595,0.419213869248086,0.953903699734449,"Clostridium drakei"
"X332101_CLR","METAB_HILIC_036",-0.145215759849906,0.371292996406945,0.947927445583036,"Clostridium drakei"
"X332101_CLR","METAB_HILIC_039",0.139024390243902,0.392245839551601,0.947927445583036,"Clostridium drakei"
"X371601_CLR","METAB_C18_035",0.19718574108818,0.222622724889467,0.919039774951195,"Bacteroides xylanisolvens"
"X371601_CLR","METAB_C18_006",0.0705440900562852,0.665340354830454,0.953903699734449,"Bacteroides xylanisolvens"
"X371601_CLR","METAB_C18_014",-0.124953095684803,0.442349710333376,0.953903699734449,"Bacteroides xylanisolvens"
"X371601_CLR","METAB_C18_019",-0.0166979362101313,0.91854614015118,0.986051689208155,"Bacteroides xylanisolvens"
"X371601_CLR","METAB_C18_020",0.191181988742964,0.237309779541648,0.928142933208911,"Bacteroides xylanisolvens"
"X371601_CLR","METAB_C18_021",-0.0075046904315197,0.963342652996148,0.992912136690699,"Bacteroides xylanisolvens"
"X371601_CLR","METAB_C18_033",-0.254784240150094,0.112601036903577,0.845170135817435,"Bacteroides xylanisolvens"
"X371601_CLR","METAB_C18_036",0.271669793621013,0.089930209967896,0.83439015852843,"Bacteroides xylanisolvens"
"X371601_CLR","METAB_C18_003",0.216885553470919,0.178860174320372,0.905468283215174,"Bacteroides xylanisolvens"
"X371601_CLR","METAB_C18_044",0.0420262664165103,0.796806162599269,0.986051689208155,"Bacteroides xylanisolvens"
"X371601_CLR","METAB_C18_050",0.0795497185741088,0.625594271766996,0.953903699734449,"Bacteroides xylanisolvens"
"X371601_CLR","METAB_HILIC_011",0.362851782363978,0.02138293721319,0.757906330111957,"Bacteroides xylanisolvens"
"X371601_CLR","METAB_HILIC_025",0.154784240150094,0.340254085219271,0.947927445583036,"Bacteroides xylanisolvens"
"X371601_CLR","METAB_HILIC_030",-0.530393996247655,0.000430890955226141,0.274908429434278,"Bacteroides xylanisolvens"
"X371601_CLR","METAB_HILIC_034",-0.227392120075047,0.158211077867281,0.89326254583474,"Bacteroides xylanisolvens"
"X371601_CLR","METAB_HILIC_015",0.302439024390244,0.0578507648896614,0.83439015852843,"Bacteroides xylanisolvens"
"X371601_CLR","METAB_HILIC_017",-0.137898686679175,0.396127998831345,0.949211710938692,"Bacteroides xylanisolvens"
"X371601_CLR","METAB_HILIC_010",0.296060037523452,0.063610497531985,0.83439015852843,"Bacteroides xylanisolvens"
"X371601_CLR","METAB_HILIC_037",0.148780487804878,0.359537857549827,0.947927445583036,"Bacteroides xylanisolvens"
"X371601_CLR","METAB_HILIC_028",0.199437148217636,0.217279697391384,0.919039774951195,"Bacteroides xylanisolvens"
"X371601_CLR","METAB_HILIC_036",-0.106941838649156,0.511309650445175,0.953903699734449,"Bacteroides xylanisolvens"
"X371601_CLR","METAB_HILIC_039",-0.0352720450281426,0.828930646006639,0.986051689208155,"Bacteroides xylanisolvens"
"X376805_CLR","METAB_C18_035",-0.0926829268292683,0.569480161664326,0.953903699734449,"Phocaeicola salanitronis"
"X376805_CLR","METAB_C18_006",0.160412757973734,0.322765536815646,0.947216860388394,"Phocaeicola salanitronis"
"X376805_CLR","METAB_C18_014",-0.0941838649155723,0.563216999718197,0.953903699734449,"Phocaeicola salanitronis"
"X376805_CLR","METAB_C18_019",-0.20375234521576,0.207287833604644,0.919039774951195,"Phocaeicola salanitronis"
"X376805_CLR","METAB_C18_020",0.0275797373358349,0.865851375476089,0.986051689208155,"Phocaeicola salanitronis"
"X376805_CLR","METAB_C18_021",0.207129455909944,0.199694675119465,0.905468283215174,"Phocaeicola salanitronis"
"X376805_CLR","METAB_C18_033",-0.121200750469043,0.456279718709142,0.953903699734449,"Phocaeicola salanitronis"
"X376805_CLR","METAB_C18_036",0.0292682926829268,0.857719885351349,0.986051689208155,"Phocaeicola salanitronis"
"X376805_CLR","METAB_C18_003",0.24671669793621,0.124850666761207,0.856502423587635,"Phocaeicola salanitronis"
"X376805_CLR","METAB_C18_044",0.0178236397748593,0.913075113633524,0.986051689208155,"Phocaeicola salanitronis"
"X376805_CLR","METAB_C18_050",0.0893058161350845,0.583687685817484,0.953903699734449,"Phocaeicola salanitronis"
"X376805_CLR","METAB_HILIC_011",0.119324577861163,0.463332469845145,0.953903699734449,"Phocaeicola salanitronis"
"X376805_CLR","METAB_HILIC_025",0.122138836772983,0.452775197618787,0.953903699734449,"Phocaeicola salanitronis"
"X376805_CLR","METAB_HILIC_030",-0.0774859287054409,0.634616110305086,0.953903699734449,"Phocaeicola salanitronis"
"X376805_CLR","METAB_HILIC_034",-0.0769230769230769,0.637085753156833,0.953903699734449,"Phocaeicola salanitronis"
"X376805_CLR","METAB_HILIC_015",0.217636022514071,0.177324422471349,0.905468283215174,"Phocaeicola salanitronis"
"X376805_CLR","METAB_HILIC_017",-0.196998123827392,0.223072015818645,0.919039774951195,"Phocaeicola salanitronis"
"X376805_CLR","METAB_HILIC_010",0.166604127579737,0.304190920918451,0.947216860388394,"Phocaeicola salanitronis"
"X376805_CLR","METAB_HILIC_037",0.0840525328330207,0.60609743748942,0.953903699734449,"Phocaeicola salanitronis"
"X376805_CLR","METAB_HILIC_028",-0.186866791744841,0.248263279134957,0.928142933208911,"Phocaeicola salanitronis"
"X376805_CLR","METAB_HILIC_036",0.0442776735459662,0.78616826462704,0.986051689208155,"Phocaeicola salanitronis"
"X376805_CLR","METAB_HILIC_039",0.302251407129456,0.0580140130758428,0.83439015852843,"Phocaeicola salanitronis"
"X42895_CLR","METAB_C18_035",0.139774859287054,0.38967008481797,0.947927445583036,"Enterobacter sp."
"X42895_CLR","METAB_C18_006",-0.0332082551594747,0.838804063757526,0.986051689208155,"Enterobacter sp."
"X42895_CLR","METAB_C18_014",-0.0525328330206379,0.747502949944026,0.986051689208155,"Enterobacter sp."
"X42895_CLR","METAB_C18_019",0.20187617260788,0.211592053938615,0.919039774951195,"Enterobacter sp."
"X42895_CLR","METAB_C18_020",0.152157598499062,0.348611049751318,0.947927445583036,"Enterobacter sp."
"X42895_CLR","METAB_C18_021",-0.225140712945591,0.162482819799127,0.893882299105997,"Enterobacter sp."
"X42895_CLR","METAB_C18_033",-0.158348968105066,0.329111497017113,0.947216860388394,"Enterobacter sp."
"X42895_CLR","METAB_C18_036",0.277673545966229,0.0827813571802644,0.83439015852843,"Enterobacter sp."
"X42895_CLR","METAB_C18_003",-0.161538461538462,0.319336617843703,0.947216860388394,"Enterobacter sp."
"X42895_CLR","METAB_C18_044",0.0429643527204503,0.792369181278744,0.986051689208155,"Enterobacter sp."
"X42895_CLR","METAB_C18_050",0.292682926829268,0.0668387647462219,0.83439015852843,"Enterobacter sp."
"X42895_CLR","METAB_HILIC_011",0.302063789868668,0.0581776284480065,0.83439015852843,"Enterobacter sp."
"X42895_CLR","METAB_HILIC_025",0.195121951219512,0.227599191915813,0.919039774951195,"Enterobacter sp."
"X42895_CLR","METAB_HILIC_030",-0.107879924953096,0.507589982449107,0.953903699734449,"Enterobacter sp."
"X42895_CLR","METAB_HILIC_034",-0.0425891181988743,0.794143207787784,0.986051689208155,"Enterobacter sp."
"X42895_CLR","METAB_HILIC_015",-0.05046904315197,0.75711633189151,0.986051689208155,"Enterobacter sp."
"X42895_CLR","METAB_HILIC_017",-0.229643527204503,0.154021555392985,0.891253043231355,"Enterobacter sp."
"X42895_CLR","METAB_HILIC_010",0.158536585365854,0.32853140610812,0.947216860388394,"Enterobacter sp."
"X42895_CLR","METAB_HILIC_037",0.05140712945591,0.752742043232851,0.986051689208155,"Enterobacter sp."
"X42895_CLR","METAB_HILIC_028",-0.298874296435272,0.0610158037795069,0.83439015852843,"Enterobacter sp."
"X42895_CLR","METAB_HILIC_036",-0.114634146341463,0.481216614126962,0.953903699734449,"Enterobacter sp."
"X42895_CLR","METAB_HILIC_039",-0.156285178236398,0.335534499134447,0.947216860388394,"Enterobacter sp."
"X564_CLR","METAB_C18_035",0.101500938086304,0.533149857249524,0.953903699734449,"Escherichia fergusonii"
"X564_CLR","METAB_C18_006",0.00900562851782364,0.956017721734343,0.992912136690699,"Escherichia fergusonii"
"X564_CLR","METAB_C18_014",-0.278236397748593,0.0821345029005495,0.83439015852843,"Escherichia fergusonii"
"X564_CLR","METAB_C18_019",-0.24953095684803,0.120469218015751,0.856502423587635,"Escherichia fergusonii"
"X564_CLR","METAB_C18_020",0.0527204502814259,0.746630848084952,0.986051689208155,"Escherichia fergusonii"
"X564_CLR","METAB_C18_021",0.151969981238274,0.349212725526181,0.947927445583036,"Escherichia fergusonii"
"X564_CLR","METAB_C18_033",0.0572232645403377,0.725796101028431,0.986051689208155,"Escherichia fergusonii"
"X564_CLR","METAB_C18_036",0.185178236397749,0.252640380238027,0.928142933208911,"Escherichia fergusonii"
"X564_CLR","METAB_C18_003",-0.0378986866791745,0.816402086493764,0.986051689208155,"Escherichia fergusonii"
"X564_CLR","METAB_C18_044",-0.291932457786116,0.0675734408674669,0.83439015852843,"Escherichia fergusonii"
"X564_CLR","METAB_C18_050",0.0384615384615385,0.813723133576429,0.986051689208155,"Escherichia fergusonii"
"X564_CLR","METAB_HILIC_011",0.409005628517824,0.00878055596688462,0.560199470687239,"Escherichia fergusonii"
"X564_CLR","METAB_HILIC_025",-0.0422138836772983,0.795918257065692,0.986051689208155,"Escherichia fergusonii"
"X564_CLR","METAB_HILIC_030",-0.169606003752345,0.29543554773858,0.947216860388394,"Escherichia fergusonii"
"X564_CLR","METAB_HILIC_034",0.0780487804878049,0.63215036530793,0.953903699734449,"Escherichia fergusonii"
"X564_CLR","METAB_HILIC_015",0.0885553470919325,0.586866297311671,0.953903699734449,"Escherichia fergusonii"
"X564_CLR","METAB_HILIC_017",-0.0335834896810507,0.837007037971529,0.986051689208155,"Escherichia fergusonii"
"X564_CLR","METAB_HILIC_010",0.112757973733584,0.488469903896153,0.953903699734449,"Escherichia fergusonii"
"X564_CLR","METAB_HILIC_037",-0.0896810506566604,0.582101272687599,0.953903699734449,"Escherichia fergusonii"
"X564_CLR","METAB_HILIC_028",0.107129455909944,0.510564625410896,0.953903699734449,"Escherichia fergusonii"
"X564_CLR","METAB_HILIC_036",-0.442589118198874,0.00423968645228821,0.440636712307143,"Escherichia fergusonii"
"X564_CLR","METAB_HILIC_039",0.099437148217636,0.541550830974154,0.953903699734449,"Escherichia fergusonii"
"X674529_CLR","METAB_C18_035",-0.14577861163227,0.369421864478542,0.947927445583036,"Bacteroides faecis"
"X674529_CLR","METAB_C18_006",-0.116322701688555,0.474737104042122,0.953903699734449,"Bacteroides faecis"
"X674529_CLR","METAB_C18_014",-0.00469043151969981,0.977084440580642,0.9970840706605,"Bacteroides faecis"
"X674529_CLR","METAB_C18_019",-0.0581613508442777,0.721479372328448,0.986051689208155,"Bacteroides faecis"
"X674529_CLR","METAB_C18_020",-0.197936210131332,0.220831780520205,0.919039774951195,"Bacteroides faecis"
"X674529_CLR","METAB_C18_021",0.0407129455909944,0.803028512419105,0.986051689208155,"Bacteroides faecis"
"X674529_CLR","METAB_C18_033",0.186491557223265,0.249231538356787,0.928142933208911,"Bacteroides faecis"
"X674529_CLR","METAB_C18_036",-0.166416510318949,0.304743566117555,0.947216860388394,"Bacteroides faecis"
"X674529_CLR","METAB_C18_003",-0.10093808630394,0.535434743059912,0.953903699734449,"Bacteroides faecis"
"X674529_CLR","METAB_C18_044",0.258161350844278,0.107752278694053,0.83439015852843,"Bacteroides faecis"
"X674529_CLR","METAB_C18_050",-0.186866791744841,0.248263279134957,0.928142933208911,"Bacteroides faecis"
"X674529_CLR","METAB_HILIC_011",-0.277485928705441,0.0829978535584947,0.83439015852843,"Bacteroides faecis"
"X674529_CLR","METAB_HILIC_025",-0.0923076923076923,0.571050922195056,0.953903699734449,"Bacteroides faecis"
"X674529_CLR","METAB_HILIC_030",0.0722326454033771,0.65781464303275,0.953903699734449,"Bacteroides faecis"
"X674529_CLR","METAB_HILIC_034",0.115759849906191,0.47689181639842,0.953903699734449,"Bacteroides faecis"
"X674529_CLR","METAB_HILIC_015",0.169418386491557,0.295977963171356,0.947216860388394,"Bacteroides faecis"
"X674529_CLR","METAB_HILIC_017",0.226454033771107,0.159980938612712,0.893882299105997,"Bacteroides faecis"
"X674529_CLR","METAB_HILIC_010",-0.0853658536585366,0.600460430820043,0.953903699734449,"Bacteroides faecis"
"X674529_CLR","METAB_HILIC_037",0.074671669793621,0.647002850182144,0.953903699734449,"Bacteroides faecis"
"X674529_CLR","METAB_HILIC_028",-0.025328330206379,0.876714461373875,0.986051689208155,"Bacteroides faecis"
"X674529_CLR","METAB_HILIC_036",0.474671669793621,0.00197010789079923,0.391768608731709,"Bacteroides faecis"
"X674529_CLR","METAB_HILIC_039",0.365103189493434,0.0205308590798278,0.757906330111957,"Bacteroides faecis"
"X751585_CLR","METAB_C18_035",-0.120075046904315,0.46050439577304,0.953903699734449,"Coprococcus sp. ART55/1"
"X751585_CLR","METAB_C18_006",-0.220825515947467,0.170902625586029,0.90506009931944,"Coprococcus sp. ART55/1"
"X751585_CLR","METAB_C18_014",-0.0590994371482177,0.717171142813332,0.986051689208155,"Coprococcus sp. ART55/1"
"X751585_CLR","METAB_C18_019",-0.0431519699812383,0.79148255420287,0.986051689208155,"Coprococcus sp. ART55/1"
"X751585_CLR","METAB_C18_020",0.0774859287054409,0.634616110305087,0.953903699734449,"Coprococcus sp. ART55/1"
"X751585_CLR","METAB_C18_021",-0.14390243902439,0.375680865950944,0.947927445583036,"Coprococcus sp. ART55/1"
"X751585_CLR","METAB_C18_033",-0.34015009380863,0.0317473775137921,0.83439015852843,"Coprococcus sp. ART55/1"
"X751585_CLR","METAB_C18_036",-0.262288930581614,0.102043454265235,0.83439015852843,"Coprococcus sp. ART55/1"
"X751585_CLR","METAB_C18_003",0.0375234521575985,0.818189201899559,0.986051689208155,"Coprococcus sp. ART55/1"
"X751585_CLR","METAB_C18_044",0.0549718574108818,0.73619019721964,0.986051689208155,"Coprococcus sp. ART55/1"
"X751585_CLR","METAB_C18_050",0.0273921200750469,0.866755732133949,0.986051689208155,"Coprococcus sp. ART55/1"
"X751585_CLR","METAB_HILIC_011",-0.15703564727955,0.333189956267034,0.947216860388394,"Coprococcus sp. ART55/1"
"X751585_CLR","METAB_HILIC_025",0.112757973733584,0.488469903896153,0.953903699734449,"Coprococcus sp. ART55/1"
"X751585_CLR","METAB_HILIC_030",0.273733583489681,0.0874209177024129,0.83439015852843,"Coprococcus sp. ART55/1"
"X751585_CLR","METAB_HILIC_034",-0.190056285178236,0.240135072586034,0.928142933208911,"Coprococcus sp. ART55/1"
"X751585_CLR","METAB_HILIC_015",-0.218761726078799,0.175038505923226,0.905468283215174,"Coprococcus sp. ART55/1"
"X751585_CLR","METAB_HILIC_017",0.14108818011257,0.385186349708297,0.947927445583036,"Coprococcus sp. ART55/1"
"X751585_CLR","METAB_HILIC_010",-0.273358348968105,0.0878730730848242,0.83439015852843,"Coprococcus sp. ART55/1"
"X751585_CLR","METAB_HILIC_037",0.14296435272045,0.378833792146483,0.947927445583036,"Coprococcus sp. ART55/1"
"X751585_CLR","METAB_HILIC_028",-0.0339587242026267,0.835210828160324,0.986051689208155,"Coprococcus sp. ART55/1"
"X751585_CLR","METAB_HILIC_036",-0.0992495309568481,0.542317688751827,0.953903699734449,"Coprococcus sp. ART55/1"
"X751585_CLR","METAB_HILIC_039",-0.120825515947467,0.457685615020841,0.953903699734449,"Coprococcus sp. ART55/1"
"X823_CLR","METAB_C18_035",0.195497185741088,0.226688767266673,0.919039774951195,"Parabacteroides distasonis"
"X823_CLR","METAB_C18_006",0.156848030018762,0.333775138221319,0.947216860388394,"Parabacteroides distasonis"
"X823_CLR","METAB_C18_014",0.0281425891181989,0.863139321423591,0.986051689208155,"Parabacteroides distasonis"
"X823_CLR","METAB_C18_019",-0.0962476547842402,0.554657599195579,0.953903699734449,"Parabacteroides distasonis"
"X823_CLR","METAB_C18_020",0.150844277673546,0.352836057553133,0.947927445583036,"Parabacteroides distasonis"
"X823_CLR","METAB_C18_021",-0.076172607879925,0.640384634615587,0.953903699734449,"Parabacteroides distasonis"
"X823_CLR","METAB_C18_033",0.0902439024390244,0.579725285313492,0.953903699734449,"Parabacteroides distasonis"
"X823_CLR","METAB_C18_036",-0.0838649155722327,0.606904575773607,0.953903699734449,"Parabacteroides distasonis"
"X823_CLR","METAB_C18_003",0.0300187617260788,0.854110485216736,0.986051689208155,"Parabacteroides distasonis"
"X823_CLR","METAB_C18_044",0.0971857410881801,0.550787257824773,0.953903699734449,"Parabacteroides distasonis"
"X823_CLR","METAB_C18_050",0.458536585365854,0.00292313170181216,0.391768608731709,"Parabacteroides distasonis"
"X823_CLR","METAB_HILIC_011",0.301500938086304,0.0586706831935261,0.83439015852843,"Parabacteroides distasonis"
"X823_CLR","METAB_HILIC_025",0.024390243902439,0.881247451376346,0.986051689208155,"Parabacteroides distasonis"
"X823_CLR","METAB_HILIC_030",-0.313696060037524,0.0487070515741372,0.83439015852843,"Parabacteroides distasonis"
"X823_CLR","METAB_HILIC_034",-0.132457786116323,0.415203263079649,0.953903699734449,"Parabacteroides distasonis"
"X823_CLR","METAB_HILIC_015",-0.00412757973733584,0.979833707229034,0.9970840706605,"Parabacteroides distasonis"
"X823_CLR","METAB_HILIC_017",-0.14108818011257,0.385186349708297,0.947927445583036,"Parabacteroides distasonis"
"X823_CLR","METAB_HILIC_010",0.000187617260787993,0.999083256819481,1,"Parabacteroides distasonis"
"X823_CLR","METAB_HILIC_037",-0.0729831144465291,0.654480483378833,0.953903699734449,"Parabacteroides distasonis"
"X823_CLR","METAB_HILIC_028",-0.201125703564728,0.213330981054045,0.919039774951195,"Parabacteroides distasonis"
"X823_CLR","METAB_HILIC_036",0.0230769230769231,0.887599884826403,0.986051689208155,"Parabacteroides distasonis"
"X823_CLR","METAB_HILIC_039",0.0628517823639775,0.700025623198062,0.976582510700681,"Parabacteroides distasonis"
"X84022_CLR","METAB_C18_035",-0.181050656660413,0.26355619200314,0.947216860388394,"Clostridium aceticum"
"X84022_CLR","METAB_C18_006",0.212007504690432,0.189074417801668,0.905468283215174,"Clostridium aceticum"
"X84022_CLR","METAB_C18_014",-0.266041275797373,0.0970568113853524,0.83439015852843,"Clostridium aceticum"
"X84022_CLR","METAB_C18_019",-0.238086303939963,0.139030880529884,0.860472613425389,"Clostridium aceticum"
"X84022_CLR","METAB_C18_020",-0.0814258911819888,0.617438998514545,0.953903699734449,"Clostridium aceticum"
"X84022_CLR","METAB_C18_021",0.0799249530956848,0.623959653708527,0.953903699734449,"Clostridium aceticum"
"X84022_CLR","METAB_C18_033",0.481801125703565,0.00164476657399524,0.391768608731709,"Clostridium aceticum"
"X84022_CLR","METAB_C18_036",-0.301313320825516,0.0588357728232613,0.83439015852843,"Clostridium aceticum"
"X84022_CLR","METAB_C18_003",-0.0348968105065666,0.830723930988654,0.986051689208155,"Clostridium aceticum"
"X84022_CLR","METAB_C18_044",0.0305816135084428,0.851405353208202,0.986051689208155,"Clostridium aceticum"
"X84022_CLR","METAB_C18_050",0.108255159474672,0.506105943308633,0.953903699734449,"Clostridium aceticum"
"X84022_CLR","METAB_HILIC_011",-0.374108818011257,0.0174012083472878,0.757906330111957,"Clostridium aceticum"
"X84022_CLR","METAB_HILIC_025",-0.113883677298311,0.484111156451587,0.953903699734449,"Clostridium aceticum"
"X84022_CLR","METAB_HILIC_030",-0.120637898686679,0.458389437368309,0.953903699734449,"Clostridium aceticum"
"X84022_CLR","METAB_HILIC_034",-0.121763602251407,0.45417525189453,0.953903699734449,"Clostridium aceticum"
"X84022_CLR","METAB_HILIC_015",0.0290806754221388,0.858622684674192,0.986051689208155,"Clostridium aceticum"
"X84022_CLR","METAB_HILIC_017",-0.139399624765478,0.390956725572638,0.947927445583036,"Clostridium aceticum"
"X84022_CLR","METAB_HILIC_010",0.0138836772983114,0.932239371699797,0.98634945131753,"Clostridium aceticum"
"X84022_CLR","METAB_HILIC_037",-0.137148217636023,0.398728430300266,0.949211710938692,"Clostridium aceticum"
"X84022_CLR","METAB_HILIC_028",0.074296435272045,0.648661625444645,0.953903699734449,"Clostridium aceticum"
"X84022_CLR","METAB_HILIC_036",-0.196622889305816,0.223972465037119,0.919039774951195,"Clostridium aceticum"
"X84022_CLR","METAB_HILIC_039",0.109005628517824,0.503144452475044,0.953903699734449,"Clostridium aceticum"
